Timestamp,Round,Collar,Port,Plot,Group,Treatment,LI8100A_Port,Flux,value
2021-08-19T08:32:45Z,0,4,1,Control,1,45 µm,NA,CH4,-60.6929
2021-08-19T08:32:45Z,0,4,1,Control,1,45 µm,NA,CO2,-7.83666
2021-08-19T08:33:55Z,0,4,2,Control,1,45 µm,NA,CH4,-0.0914527
2021-08-19T08:33:55Z,0,4,2,Control,1,45 µm,NA,CO2,13.0091
2021-08-19T08:36:19Z,0,2,1,Control,1,Disturbance,NA,CH4,-3.66452
2021-08-19T08:36:19Z,0,2,1,Control,1,Disturbance,NA,CO2,30.9592
2021-08-19T08:37:44Z,0,2,2,Control,1,Disturbance,NA,CH4,-1.1006
2021-08-19T08:37:44Z,0,2,2,Control,1,Disturbance,NA,CO2,13.0069
2021-08-19T08:40:16Z,0,3,1,Control,1,1 µm,NA,CH4,-0.761374
2021-08-19T08:40:16Z,0,3,1,Control,1,1 µm,NA,CO2,13.9554
2021-08-19T08:43:52Z,0,1,1,Control,1,Control,NA,CH4,-2.41786
2021-08-19T08:43:52Z,0,1,1,Control,1,Control,NA,CO2,19.716
2021-08-19T08:45:17Z,0,1,2,Control,1,Control,NA,CH4,-1.10968
2021-08-19T08:45:17Z,0,1,2,Control,1,Control,NA,CO2,11.6314
2021-08-19T08:48:06Z,0,5,1,Control,2,Control,NA,CH4,-2.53573
2021-08-19T08:48:06Z,0,5,1,Control,2,Control,NA,CO2,21.96
2021-08-19T08:49:32Z,0,5,2,Control,2,Control,NA,CH4,-1.96428
2021-08-19T08:49:32Z,0,5,2,Control,2,Control,NA,CO2,14.1136
2021-08-19T08:52:26Z,0,6,1,Control,2,Disturbance,NA,CH4,-2.34236
2021-08-19T08:52:26Z,0,6,1,Control,2,Disturbance,NA,CO2,26.0108
2021-08-19T08:53:52Z,0,6,2,Control,2,Disturbance,NA,CH4,-1.51815
2021-08-19T08:53:52Z,0,6,2,Control,2,Disturbance,NA,CO2,14.0279
2021-08-19T08:56:58Z,0,7,1,Control,2,1 µm,NA,CH4,-1.45559
2021-08-19T08:56:58Z,0,7,1,Control,2,1 µm,NA,CO2,17.7267
2021-08-19T08:58:24Z,0,7,2,Control,2,1 µm,NA,CH4,-0.652567
2021-08-19T08:58:24Z,0,7,2,Control,2,1 µm,NA,CO2,10.3749
2021-08-19T09:01:35Z,0,8,1,Control,2,45 µm,NA,CH4,-2.06565
2021-08-19T09:01:35Z,0,8,1,Control,2,45 µm,NA,CO2,17.0687
2021-08-19T09:03:01Z,0,8,2,Control,2,45 µm,NA,CH4,-1.9101
2021-08-19T09:03:01Z,0,8,2,Control,2,45 µm,NA,CO2,12.6556
2021-08-19T09:06:10Z,0,10,1,Control,3,Disturbance,NA,CH4,-0.337105
2021-08-19T09:06:10Z,0,10,1,Control,3,Disturbance,NA,CO2,9.03733
2021-08-19T09:07:35Z,0,10,2,Control,3,Disturbance,NA,CH4,-0.26472
2021-08-19T09:07:35Z,0,10,2,Control,3,Disturbance,NA,CO2,10.8647
2021-08-19T09:09:28Z,0,12,1,Control,3,45 µm,NA,CH4,0.554986
2021-08-19T09:09:28Z,0,12,1,Control,3,45 µm,NA,CO2,14.5715
2021-08-19T09:10:53Z,0,12,2,Control,3,45 µm,NA,CH4,-0.0207186
2021-08-19T09:10:53Z,0,12,2,Control,3,45 µm,NA,CO2,5.88732
2021-08-19T09:13:07Z,0,9,1,Control,3,Control,NA,CH4,-2.3703
2021-08-19T09:13:07Z,0,9,1,Control,3,Control,NA,CO2,53.0487
2021-08-19T09:14:32Z,0,9,2,Control,3,Control,NA,CH4,-1.1335
2021-08-19T09:14:32Z,0,9,2,Control,3,Control,NA,CO2,24.5853
2021-08-19T09:17:24Z,0,11,1,Control,3,1 µm,NA,CH4,0.084432
2021-08-19T09:17:24Z,0,11,1,Control,3,1 µm,NA,CO2,2.41278
2021-08-19T09:18:49Z,0,11,2,Control,3,1 µm,NA,CH4,0.131303
2021-08-19T09:18:49Z,0,11,2,Control,3,1 µm,NA,CO2,2.57194
2021-08-19T09:21:46Z,0,13,1,Control,4,Control,NA,CH4,-1.42255
2021-08-19T09:21:46Z,0,13,1,Control,4,Control,NA,CO2,14.4274
2021-08-19T09:23:11Z,0,13,2,Control,4,Control,NA,CH4,-1.09152
2021-08-19T09:23:11Z,0,13,2,Control,4,Control,NA,CO2,10.818
2021-08-19T09:26:03Z,0,14,1,Control,4,Disturbance,NA,CH4,-7.05987
2021-08-19T09:26:03Z,0,14,1,Control,4,Disturbance,NA,CO2,36.2676
2021-08-19T09:27:28Z,0,14,2,Control,4,Disturbance,NA,CH4,-1.41747
2021-08-19T09:27:28Z,0,14,2,Control,4,Disturbance,NA,CO2,12.7747
2021-08-19T09:30:57Z,0,15,1,Control,4,1 µm,NA,CH4,-4.58068
2021-08-19T09:30:57Z,0,15,1,Control,4,1 µm,NA,CO2,50.3025
2021-08-19T09:32:23Z,0,15,2,Control,4,1 µm,NA,CH4,-0.848044
2021-08-19T09:32:23Z,0,15,2,Control,4,1 µm,NA,CO2,20.1297
2021-08-19T09:35:13Z,0,16,1,Control,4,45 µm,NA,CH4,0.581625
2021-08-19T09:35:13Z,0,16,1,Control,4,45 µm,NA,CO2,6.34266
2021-08-19T09:36:38Z,0,16,2,Control,4,45 µm,NA,CH4,0.370256
2021-08-19T09:36:38Z,0,16,2,Control,4,45 µm,NA,CO2,3.91675
2021-08-19T09:42:48Z,0,17,1,Salt,5,Control,NA,CH4,-1.57531
2021-08-19T09:42:48Z,0,17,1,Salt,5,Control,NA,CO2,27.711
2021-08-19T09:44:14Z,0,17,2,Salt,5,Control,NA,CH4,-0.780759
2021-08-19T09:44:14Z,0,17,2,Salt,5,Control,NA,CO2,12.3357
2021-08-19T09:46:34Z,0,18,1,Salt,5,Disturbance,NA,CH4,-1.55454
2021-08-19T09:46:34Z,0,18,1,Salt,5,Disturbance,NA,CO2,18.4009
2021-08-19T09:47:59Z,0,18,2,Salt,5,Disturbance,NA,CH4,-1.23745
2021-08-19T09:47:59Z,0,18,2,Salt,5,Disturbance,NA,CO2,15.1448
2021-08-19T09:50:14Z,0,19,1,Salt,5,1 µm,NA,CH4,-0.165546
2021-08-19T09:50:14Z,0,19,1,Salt,5,1 µm,NA,CO2,8.52191
2021-08-19T09:51:39Z,0,19,2,Salt,5,1 µm,NA,CH4,-0.180091
2021-08-19T09:51:39Z,0,19,2,Salt,5,1 µm,NA,CO2,7.34425
2021-08-19T09:53:49Z,0,20,1,Salt,5,45 µm,NA,CH4,-0.777194
2021-08-19T09:53:49Z,0,20,1,Salt,5,45 µm,NA,CO2,22.7006
2021-08-19T09:55:15Z,0,20,2,Salt,5,45 µm,NA,CH4,-0.561672
2021-08-19T09:55:15Z,0,20,2,Salt,5,45 µm,NA,CO2,16.4108
2021-08-19T09:58:30Z,0,21,1,Salt,6,Control,NA,CH4,-1.1833
2021-08-19T09:58:30Z,0,21,1,Salt,6,Control,NA,CO2,26.9787
2021-08-19T09:59:56Z,0,21,2,Salt,6,Control,NA,CH4,-0.940616
2021-08-19T09:59:56Z,0,21,2,Salt,6,Control,NA,CO2,11.2022
2021-08-19T10:03:30Z,0,24,1,Salt,6,45 µm,NA,CH4,-1.64581
2021-08-19T10:03:30Z,0,24,1,Salt,6,45 µm,NA,CO2,18.7733
2021-08-19T10:04:56Z,0,24,2,Salt,6,45 µm,NA,CH4,-0.418505
2021-08-19T10:04:56Z,0,24,2,Salt,6,45 µm,NA,CO2,8.72651
2021-08-19T10:09:00Z,0,23,2,Salt,6,1 µm,NA,CH4,40.4743
2021-08-19T10:09:00Z,0,23,2,Salt,6,1 µm,NA,CO2,10.3757
2021-08-19T10:11:41Z,0,22,1,Salt,6,Disturbance,NA,CH4,3.84373
2021-08-19T10:11:41Z,0,22,1,Salt,6,Disturbance,NA,CO2,26.5225
2021-08-19T10:13:06Z,0,22,2,Salt,6,Disturbance,NA,CH4,-0.432028
2021-08-19T10:13:06Z,0,22,2,Salt,6,Disturbance,NA,CO2,13.047
2021-08-19T10:18:40Z,0,28,1,Salt,7,45 µm,NA,CH4,-0.141928
2021-08-19T10:18:40Z,0,28,1,Salt,7,45 µm,NA,CO2,7.77263
2021-08-19T10:20:05Z,0,28,2,Salt,7,45 µm,NA,CH4,-0.149482
2021-08-19T10:20:05Z,0,28,2,Salt,7,45 µm,NA,CO2,7.36897
2021-08-19T10:44:14Z,0,26,1,Salt,7,Disturbance,NA,CH4,-2.3413
2021-08-19T10:44:14Z,0,26,1,Salt,7,Disturbance,NA,CO2,27.6009
2021-08-19T10:45:39Z,0,26,2,Salt,7,Disturbance,NA,CH4,-7.61725
2021-08-19T10:45:39Z,0,26,2,Salt,7,Disturbance,NA,CO2,15.5909
2021-08-19T10:47:48Z,0,25,1,Salt,7,Control,NA,CH4,-0.252291
2021-08-19T10:47:48Z,0,25,1,Salt,7,Control,NA,CO2,18.9271
2021-08-19T10:49:14Z,0,25,2,Salt,7,Control,NA,CH4,-0.427556
2021-08-19T10:49:14Z,0,25,2,Salt,7,Control,NA,CO2,8.81369
2021-08-19T10:51:32Z,0,27,1,Salt,7,1 µm,NA,CH4,-0.0948791
2021-08-19T10:51:32Z,0,27,1,Salt,7,1 µm,NA,CO2,18.8864
2021-08-19T10:52:57Z,0,27,2,Salt,7,1 µm,NA,CH4,-0.176492
2021-08-19T10:52:57Z,0,27,2,Salt,7,1 µm,NA,CO2,10.1339
2021-08-19T10:57:30Z,0,30,1,Salt,8,Disturbance,NA,CH4,-0.852192
2021-08-19T10:57:30Z,0,30,1,Salt,8,Disturbance,NA,CO2,15.7828
2021-08-19T10:58:55Z,0,30,2,Salt,8,Disturbance,NA,CH4,-0.606589
2021-08-19T10:58:55Z,0,30,2,Salt,8,Disturbance,NA,CO2,7.65465
2021-08-19T11:01:27Z,0,31,1,Salt,8,1 µm,NA,CH4,-0.260873
2021-08-19T11:01:27Z,0,31,1,Salt,8,1 µm,NA,CO2,12.2552
2021-08-19T11:02:53Z,0,31,2,Salt,8,1 µm,NA,CH4,-0.134607
2021-08-19T11:02:53Z,0,31,2,Salt,8,1 µm,NA,CO2,5.59383
2021-08-19T11:05:03Z,0,29,1,Salt,8,Control,NA,CH4,-0.303596
2021-08-19T11:05:03Z,0,29,1,Salt,8,Control,NA,CO2,13.8487
2021-08-19T11:06:28Z,0,29,2,Salt,8,Control,NA,CH4,-8.43954
2021-08-19T11:06:28Z,0,29,2,Salt,8,Control,NA,CO2,9.40794
2021-08-19T11:09:13Z,0,32,1,Salt,8,45 µm,NA,CH4,0.221654
2021-08-19T11:09:13Z,0,32,1,Salt,8,45 µm,NA,CO2,11.3486
2021-08-19T11:10:39Z,0,32,2,Salt,8,45 µm,NA,CH4,-0.190004
2021-08-19T11:10:39Z,0,32,2,Salt,8,45 µm,NA,CO2,8.75019
2021-08-19T11:13:53Z,0,36,1,Fresh,9,45 µm,NA,CH4,-1.10487
2021-08-19T11:13:53Z,0,36,1,Fresh,9,45 µm,NA,CO2,12.148
2021-08-19T11:15:19Z,0,36,2,Fresh,9,45 µm,NA,CH4,-0.559555
2021-08-19T11:15:19Z,0,36,2,Fresh,9,45 µm,NA,CO2,8.57276
2021-08-19T11:17:47Z,0,34,1,Fresh,9,Disturbance,NA,CH4,-0.739959
2021-08-19T11:17:47Z,0,34,1,Fresh,9,Disturbance,NA,CO2,15.1848
2021-08-19T11:19:13Z,0,34,2,Fresh,9,Disturbance,NA,CH4,-0.353206
2021-08-19T11:19:13Z,0,34,2,Fresh,9,Disturbance,NA,CO2,10.7274
2021-08-19T11:21:16Z,0,35,1,Fresh,9,1 µm,NA,CH4,0.418195
2021-08-19T11:21:16Z,0,35,1,Fresh,9,1 µm,NA,CO2,3.95302
2021-08-19T11:22:41Z,0,35,2,Fresh,9,1 µm,NA,CH4,0.359175
2021-08-19T11:22:41Z,0,35,2,Fresh,9,1 µm,NA,CO2,3.4931
2021-08-19T11:24:37Z,0,33,1,Fresh,9,Control,NA,CH4,-0.986784
2021-08-19T11:24:37Z,0,33,1,Fresh,9,Control,NA,CO2,20.7732
2021-08-19T11:26:02Z,0,33,2,Fresh,9,Control,NA,CH4,-0.654254
2021-08-19T11:26:02Z,0,33,2,Fresh,9,Control,NA,CO2,8.14288
2021-08-19T11:28:23Z,0,37,1,Fresh,10,Control,NA,CH4,-1.1571
2021-08-19T11:28:23Z,0,37,1,Fresh,10,Control,NA,CO2,13.9448
2021-08-19T11:29:48Z,0,37,2,Fresh,10,Control,NA,CH4,0.106681
2021-08-19T11:29:48Z,0,37,2,Fresh,10,Control,NA,CO2,9.59805
2021-08-19T11:44:12Z,0,39,2,Fresh,10,1 µm,NA,CH4,-0.371366
2021-08-19T11:44:12Z,0,39,2,Fresh,10,1 µm,NA,CO2,10.2163
2021-08-19T11:47:01Z,0,38,1,Fresh,10,Disturbance,NA,CH4,-0.951587
2021-08-19T11:47:01Z,0,38,1,Fresh,10,Disturbance,NA,CO2,16.5341
2021-08-19T11:48:26Z,0,38,2,Fresh,10,Disturbance,NA,CH4,-2.55532
2021-08-19T11:48:26Z,0,38,2,Fresh,10,Disturbance,NA,CO2,11.1948
2021-08-19T11:50:18Z,0,40,1,Fresh,10,45 µm,NA,CH4,-0.998715
2021-08-19T11:50:18Z,0,40,1,Fresh,10,45 µm,NA,CO2,19.0972
2021-08-19T11:51:44Z,0,40,2,Fresh,10,45 µm,NA,CH4,-0.728889
2021-08-19T11:51:44Z,0,40,2,Fresh,10,45 µm,NA,CO2,11.5761
2021-08-19T11:53:57Z,0,43,1,Fresh,11,1 µm,NA,CH4,-0.497545
2021-08-19T11:53:57Z,0,43,1,Fresh,11,1 µm,NA,CO2,12.2303
2021-08-19T11:55:22Z,0,43,2,Fresh,11,1 µm,NA,CH4,-0.481974
2021-08-19T11:55:22Z,0,43,2,Fresh,11,1 µm,NA,CO2,6.60528
2021-08-19T11:57:36Z,0,42,1,Fresh,11,Disturbance,NA,CH4,-0.578784
2021-08-19T11:57:36Z,0,42,1,Fresh,11,Disturbance,NA,CO2,6.6148
2021-08-19T11:59:02Z,0,42,2,Fresh,11,Disturbance,NA,CH4,-0.598932
2021-08-19T11:59:02Z,0,42,2,Fresh,11,Disturbance,NA,CO2,6.20808
2021-08-19T12:00:49Z,0,44,1,Fresh,11,45 µm,NA,CH4,-0.710593
2021-08-19T12:00:49Z,0,44,1,Fresh,11,45 µm,NA,CO2,7.88396
2021-08-19T12:02:15Z,0,44,2,Fresh,11,45 µm,NA,CH4,-0.235904
2021-08-19T12:02:15Z,0,44,2,Fresh,11,45 µm,NA,CO2,5.93556
2021-08-19T12:04:54Z,0,41,1,Fresh,11,Control,NA,CH4,-0.740487
2021-08-19T12:04:54Z,0,41,1,Fresh,11,Control,NA,CO2,8.64071
2021-08-19T12:06:19Z,0,41,2,Fresh,11,Control,NA,CH4,-0.593918
2021-08-19T12:06:19Z,0,41,2,Fresh,11,Control,NA,CO2,6.83362
2021-08-19T12:08:47Z,0,45,1,Fresh,12,Control,NA,CH4,-0.45323599999999997
2021-08-19T12:08:47Z,0,45,1,Fresh,12,Control,NA,CO2,15.0557
2021-08-19T12:10:13Z,0,45,2,Fresh,12,Control,NA,CH4,-0.383134
2021-08-19T12:10:13Z,0,45,2,Fresh,12,Control,NA,CO2,7.76121
2021-08-19T12:12:09Z,0,46,1,Fresh,12,Disturbance,NA,CH4,-0.969656
2021-08-19T12:12:09Z,0,46,1,Fresh,12,Disturbance,NA,CO2,9.15311
2021-08-19T12:15:41Z,0,48,1,Fresh,12,45 µm,NA,CH4,-0.53234
2021-08-19T12:15:41Z,0,48,1,Fresh,12,45 µm,NA,CO2,10.8114
2021-08-19T12:17:07Z,0,48,2,Fresh,12,45 µm,NA,CH4,-0.526311
2021-08-19T12:17:07Z,0,48,2,Fresh,12,45 µm,NA,CO2,9.21059
2021-08-19T12:19:02Z,0,47,1,Fresh,12,1 µm,NA,CH4,-0.565722
2021-08-19T12:19:02Z,0,47,1,Fresh,12,1 µm,NA,CO2,11.2735
2021-08-19T12:20:27Z,0,47,2,Fresh,12,1 µm,NA,CH4,-0.50114
2021-08-19T12:20:27Z,0,47,2,Fresh,12,1 µm,NA,CO2,8.03183
2021-08-24T15:13:08Z,1,47,1,Fresh,12,1 µm,NA,CH4,-0.812392
2021-08-24T15:13:08Z,1,47,1,Fresh,12,1 µm,NA,CO2,11.41
2021-08-24T15:14:34Z,1,47,2,Fresh,12,1 µm,NA,CH4,-0.718718
2021-08-24T15:14:34Z,1,47,2,Fresh,12,1 µm,NA,CO2,7.3367000000000004
2021-08-24T15:16:35Z,1,46,1,Fresh,12,Disturbance,NA,CH4,-1.33564
2021-08-24T15:16:35Z,1,46,1,Fresh,12,Disturbance,NA,CO2,9.92442
2021-08-24T15:18:00Z,1,46,2,Fresh,12,Disturbance,NA,CH4,-1.27081
2021-08-24T15:18:00Z,1,46,2,Fresh,12,Disturbance,NA,CO2,10.1164
2021-08-24T15:19:50Z,1,48,1,Fresh,12,45 µm,NA,CH4,-0.756436
2021-08-24T15:19:50Z,1,48,1,Fresh,12,45 µm,NA,CO2,11.402
2021-08-24T15:21:16Z,1,48,2,Fresh,12,45 µm,NA,CH4,-0.761324
2021-08-24T15:21:16Z,1,48,2,Fresh,12,45 µm,NA,CO2,9.26319
2021-08-24T15:23:07Z,1,45,1,Fresh,12,Control,NA,CH4,-1.39906
2021-08-24T15:23:07Z,1,45,1,Fresh,12,Control,NA,CO2,16.8118
2021-08-24T15:24:33Z,1,45,2,Fresh,12,Control,NA,CH4,-0.504019
2021-08-24T15:24:33Z,1,45,2,Fresh,12,Control,NA,CO2,7.06388
2021-08-24T15:26:41Z,1,42,1,Fresh,11,Disturbance,NA,CH4,-2.23236
2021-08-24T15:26:41Z,1,42,1,Fresh,11,Disturbance,NA,CO2,6.73686
2021-08-24T15:28:06Z,1,42,2,Fresh,11,Disturbance,NA,CH4,-0.897449
2021-08-24T15:28:06Z,1,42,2,Fresh,11,Disturbance,NA,CO2,6.62246
2021-08-24T15:29:47Z,1,44,1,Fresh,11,45 µm,NA,CH4,-0.586743
2021-08-24T15:29:47Z,1,44,1,Fresh,11,45 µm,NA,CO2,8.15795
2021-08-24T15:31:12Z,1,44,2,Fresh,11,45 µm,NA,CH4,-0.548742
2021-08-24T15:31:12Z,1,44,2,Fresh,11,45 µm,NA,CO2,5.75596
2021-08-24T15:33:05Z,1,43,1,Fresh,11,1 µm,NA,CH4,-0.773472
2021-08-24T15:33:05Z,1,43,1,Fresh,11,1 µm,NA,CO2,11.4104
2021-08-24T15:34:30Z,1,43,2,Fresh,11,1 µm,NA,CH4,-0.607063
2021-08-24T15:34:30Z,1,43,2,Fresh,11,1 µm,NA,CO2,6.38835
2021-08-24T15:36:18Z,1,41,1,Fresh,11,Control,NA,CH4,-0.854238
2021-08-24T15:36:18Z,1,41,1,Fresh,11,Control,NA,CO2,8.66947
2021-08-24T15:37:44Z,1,41,2,Fresh,11,Control,NA,CH4,-0.74838
2021-08-24T15:37:44Z,1,41,2,Fresh,11,Control,NA,CO2,7.47278
2021-08-24T15:39:41Z,1,40,1,Fresh,10,45 µm,NA,CH4,-1.11387
2021-08-24T15:39:41Z,1,40,1,Fresh,10,45 µm,NA,CO2,11.9841
2021-08-24T15:41:06Z,1,40,2,Fresh,10,45 µm,NA,CH4,-2.40043
2021-08-24T15:41:06Z,1,40,2,Fresh,10,45 µm,NA,CO2,9.6251
2021-08-24T15:42:57Z,1,38,1,Fresh,10,Disturbance,NA,CH4,-1.55719
2021-08-24T15:42:57Z,1,38,1,Fresh,10,Disturbance,NA,CO2,21.5634
2021-08-24T15:44:22Z,1,38,2,Fresh,10,Disturbance,NA,CH4,-0.84767
2021-08-24T15:44:22Z,1,38,2,Fresh,10,Disturbance,NA,CO2,13.3688
2021-08-24T15:46:15Z,1,39,1,Fresh,10,1 µm,NA,CH4,-0.503107
2021-08-24T15:46:15Z,1,39,1,Fresh,10,1 µm,NA,CO2,15.8266
2021-08-24T15:48:02Z,1,37,1,Fresh,10,Control,NA,CH4,-0.99977
2021-08-24T15:48:02Z,1,37,1,Fresh,10,Control,NA,CO2,16.8139
2021-08-24T15:50:06Z,1,35,1,Fresh,9,1 µm,NA,CH4,-0.0109666
2021-08-24T15:50:06Z,1,35,1,Fresh,9,1 µm,NA,CO2,2.83682
2021-08-24T15:51:30Z,1,35,2,Fresh,9,1 µm,NA,CH4,0.0446317
2021-08-24T15:51:30Z,1,35,2,Fresh,9,1 µm,NA,CO2,3.08047
2021-08-24T15:53:37Z,1,34,1,Fresh,9,Disturbance,NA,CH4,-0.766744
2021-08-24T15:53:37Z,1,34,1,Fresh,9,Disturbance,NA,CO2,26.3257
2021-08-24T15:55:02Z,1,34,2,Fresh,9,Disturbance,NA,CH4,-1.23079
2021-08-24T15:55:02Z,1,34,2,Fresh,9,Disturbance,NA,CO2,12.4456
2021-08-24T15:56:51Z,1,36,1,Fresh,9,45 µm,NA,CH4,-1.20392
2021-08-24T15:56:51Z,1,36,1,Fresh,9,45 µm,NA,CO2,19.3826
2021-08-24T15:58:16Z,1,36,2,Fresh,9,45 µm,NA,CH4,-1.0677
2021-08-24T15:58:16Z,1,36,2,Fresh,9,45 µm,NA,CO2,11.289
2021-08-24T16:00:05Z,1,33,1,Fresh,9,Control,NA,CH4,-0.635175
2021-08-24T16:00:05Z,1,33,1,Fresh,9,Control,NA,CO2,10.7449
2021-08-24T16:06:09Z,1,2,1,Control,1,Disturbance,NA,CH4,-6.59332
2021-08-24T16:06:09Z,1,2,1,Control,1,Disturbance,NA,CO2,38.4155
2021-08-24T16:07:33Z,1,2,2,Control,1,Disturbance,NA,CH4,-2.55149
2021-08-24T16:07:33Z,1,2,2,Control,1,Disturbance,NA,CO2,16.2857
2021-08-24T16:09:20Z,1,3,1,Control,1,1 µm,NA,CH4,-1.25573
2021-08-24T16:09:20Z,1,3,1,Control,1,1 µm,NA,CO2,17.0437
2021-08-24T16:10:45Z,1,3,2,Control,1,1 µm,NA,CH4,-1.13668
2021-08-24T16:10:45Z,1,3,2,Control,1,1 µm,NA,CO2,11.0961
2021-08-24T16:12:44Z,1,1,1,Control,1,Control,NA,CH4,-2.88895
2021-08-24T16:12:44Z,1,1,1,Control,1,Control,NA,CO2,25.5393
2021-08-24T16:14:09Z,1,1,2,Control,1,Control,NA,CH4,-1.23115
2021-08-24T16:14:09Z,1,1,2,Control,1,Control,NA,CO2,11.1725
2021-08-24T16:16:04Z,1,4,1,Control,1,45 µm,NA,CH4,-1.29777
2021-08-24T16:16:04Z,1,4,1,Control,1,45 µm,NA,CO2,25.542
2021-08-24T16:17:29Z,1,4,2,Control,1,45 µm,NA,CH4,-0.978311
2021-08-24T16:17:29Z,1,4,2,Control,1,45 µm,NA,CO2,13.8348
2021-08-24T16:19:53Z,1,5,1,Control,2,Control,NA,CH4,-3.5627
2021-08-24T16:19:53Z,1,5,1,Control,2,Control,NA,CO2,25.976
2021-08-24T16:21:18Z,1,5,2,Control,2,Control,NA,CH4,-1.65934
2021-08-24T16:21:18Z,1,5,2,Control,2,Control,NA,CO2,14.4321
2021-08-24T16:23:07Z,1,7,1,Control,2,1 µm,NA,CH4,-0.953809
2021-08-24T16:23:07Z,1,7,1,Control,2,1 µm,NA,CO2,12.8938
2021-08-24T16:24:32Z,1,7,2,Control,2,1 µm,NA,CH4,-0.874825
2021-08-24T16:24:32Z,1,7,2,Control,2,1 µm,NA,CO2,7.69513
2021-08-24T16:26:27Z,1,6,1,Control,2,Disturbance,NA,CH4,-2.41332
2021-08-24T16:26:27Z,1,6,1,Control,2,Disturbance,NA,CO2,30.1476
2021-08-24T16:27:53Z,1,6,2,Control,2,Disturbance,NA,CH4,-1.73076
2021-08-24T16:27:53Z,1,6,2,Control,2,Disturbance,NA,CO2,17.2411
2021-08-24T16:30:59Z,1,9,1,Control,3,Control,NA,CH4,-1.76946
2021-08-24T16:30:59Z,1,9,1,Control,3,Control,NA,CO2,27.232
2021-08-24T16:34:08Z,1,11,1,Control,3,1 µm,NA,CH4,-0.0334033
2021-08-24T16:34:08Z,1,11,1,Control,3,1 µm,NA,CO2,3.44907
2021-08-24T16:35:33Z,1,11,2,Control,3,1 µm,NA,CH4,-0.0433328
2021-08-24T16:35:33Z,1,11,2,Control,3,1 µm,NA,CO2,3.1041
2021-08-24T16:37:25Z,1,12,1,Control,3,45 µm,NA,CH4,-0.444117
2021-08-24T16:37:25Z,1,12,1,Control,3,45 µm,NA,CO2,10.9078
2021-08-24T16:38:51Z,1,12,2,Control,3,45 µm,NA,CH4,-0.0465334
2021-08-24T16:38:51Z,1,12,2,Control,3,45 µm,NA,CO2,7.75263
2021-08-24T16:40:34Z,1,10,1,Control,3,Disturbance,NA,CH4,-3.63126
2021-08-24T16:40:34Z,1,10,1,Control,3,Disturbance,NA,CO2,78.3347
2021-08-24T16:41:58Z,1,10,2,Control,3,Disturbance,NA,CH4,-0.388757
2021-08-24T16:41:58Z,1,10,2,Control,3,Disturbance,NA,CO2,11.0684
2021-08-24T16:43:34Z,1,10,1,Control,3,Disturbance,NA,CH4,-0.389068
2021-08-24T16:43:34Z,1,10,1,Control,3,Disturbance,NA,CO2,15.3324
2021-08-24T16:44:59Z,1,10,2,Control,3,Disturbance,NA,CH4,-0.346401
2021-08-24T16:44:59Z,1,10,2,Control,3,Disturbance,NA,CO2,7.34496
2021-08-24T16:51:23Z,1,16,1,Control,4,45 µm,NA,CH4,0.290241
2021-08-24T16:51:23Z,1,16,1,Control,4,45 µm,NA,CO2,10.9884
2021-08-24T16:52:48Z,1,16,2,Control,4,45 µm,NA,CH4,0.201439
2021-08-24T16:52:48Z,1,16,2,Control,4,45 µm,NA,CO2,6.603
2021-08-24T16:54:50Z,1,14,1,Control,4,Disturbance,NA,CH4,-2.03632
2021-08-24T16:54:50Z,1,14,1,Control,4,Disturbance,NA,CO2,25.3065
2021-08-24T16:56:15Z,1,14,2,Control,4,Disturbance,NA,CH4,-1.44622
2021-08-24T16:56:15Z,1,14,2,Control,4,Disturbance,NA,CO2,12.2181
2021-08-24T17:01:00Z,1,15,1,Control,4,1 µm,NA,CH4,-1.13616
2021-08-24T17:01:00Z,1,15,1,Control,4,1 µm,NA,CO2,16.748
2021-08-24T17:02:25Z,1,15,2,Control,4,1 µm,NA,CH4,-0.875034
2021-08-24T17:02:25Z,1,15,2,Control,4,1 µm,NA,CO2,7.51787
2021-08-24T17:04:16Z,1,13,1,Control,4,Control,NA,CH4,-6.26512
2021-08-24T17:04:16Z,1,13,1,Control,4,Control,NA,CO2,28.2757
2021-08-24T17:05:41Z,1,13,2,Control,4,Control,NA,CH4,-1.38567
2021-08-24T17:05:41Z,1,13,2,Control,4,Control,NA,CO2,12.1177
2021-08-25T10:09:09Z,2,48,1,Fresh,12,45 µm,NA,CH4,-1.26209
2021-08-25T10:09:09Z,2,48,1,Fresh,12,45 µm,NA,CO2,28.6918
2021-08-25T10:10:34Z,2,48,2,Fresh,12,45 µm,NA,CH4,-0.916735
2021-08-25T10:10:34Z,2,48,2,Fresh,12,45 µm,NA,CO2,9.76237
2021-08-25T10:18:32Z,2,46,1,Fresh,12,Disturbance,NA,CH4,-2.03748
2021-08-25T10:18:32Z,2,46,1,Fresh,12,Disturbance,NA,CO2,28.6429
2021-08-25T10:19:57Z,2,46,2,Fresh,12,Disturbance,NA,CH4,-1.5084
2021-08-25T10:19:57Z,2,46,2,Fresh,12,Disturbance,NA,CO2,12.2974
2021-08-25T10:21:50Z,2,47,1,Fresh,12,1 µm,NA,CH4,-0.890747
2021-08-25T10:21:50Z,2,47,1,Fresh,12,1 µm,NA,CO2,14.8068
2021-08-25T10:23:15Z,2,47,2,Fresh,12,1 µm,NA,CH4,-1.21084
2021-08-25T10:23:15Z,2,47,2,Fresh,12,1 µm,NA,CO2,8.9534300000000009
2021-08-25T10:26:31Z,2,45,2,Fresh,12,Control,NA,CH4,-0.0946168
2021-08-25T10:26:31Z,2,45,2,Fresh,12,Control,NA,CO2,3.74421
2021-08-25T10:28:51Z,2,44,1,Fresh,11,45 µm,NA,CH4,-0.906317
2021-08-25T10:28:51Z,2,44,1,Fresh,11,45 µm,NA,CO2,14.7131
2021-08-25T10:30:16Z,2,44,2,Fresh,11,45 µm,NA,CH4,-0.793851
2021-08-25T10:30:16Z,2,44,2,Fresh,11,45 µm,NA,CO2,9.19074
2021-08-25T10:32:04Z,2,42,1,Fresh,11,Disturbance,NA,CH4,-1.27338
2021-08-25T10:32:04Z,2,42,1,Fresh,11,Disturbance,NA,CO2,12.5131
2021-08-25T10:33:28Z,2,42,2,Fresh,11,Disturbance,NA,CH4,-1.22022
2021-08-25T10:33:28Z,2,42,2,Fresh,11,Disturbance,NA,CO2,10.607
2021-08-25T10:35:27Z,2,43,1,Fresh,11,1 µm,NA,CH4,-1.2726
2021-08-25T10:35:27Z,2,43,1,Fresh,11,1 µm,NA,CO2,28.1667
2021-08-25T10:36:52Z,2,43,2,Fresh,11,1 µm,NA,CH4,-0.99648
2021-08-25T10:36:52Z,2,43,2,Fresh,11,1 µm,NA,CO2,12.2022
2021-08-25T10:38:40Z,2,41,1,Fresh,11,Control,NA,CH4,-0.923143
2021-08-25T10:38:40Z,2,41,1,Fresh,11,Control,NA,CO2,11.2216
2021-08-25T10:40:05Z,2,41,2,Fresh,11,Control,NA,CH4,-0.895078
2021-08-25T10:40:05Z,2,41,2,Fresh,11,Control,NA,CO2,9.413
2021-08-25T10:41:59Z,2,40,1,Fresh,10,45 µm,NA,CH4,-1.4868
2021-08-25T10:41:59Z,2,40,1,Fresh,10,45 µm,NA,CO2,16.8559
2021-08-25T10:43:25Z,2,40,2,Fresh,10,45 µm,NA,CH4,-0.97252
2021-08-25T10:43:25Z,2,40,2,Fresh,10,45 µm,NA,CO2,11.2344
2021-08-25T10:45:06Z,2,38,1,Fresh,10,Disturbance,NA,CH4,-1.9492
2021-08-25T10:45:06Z,2,38,1,Fresh,10,Disturbance,NA,CO2,23.2816
2021-08-25T10:46:31Z,2,38,2,Fresh,10,Disturbance,NA,CH4,-1.0145
2021-08-25T10:46:31Z,2,38,2,Fresh,10,Disturbance,NA,CO2,13.8808
2021-08-25T10:48:24Z,2,39,1,Fresh,10,1 µm,NA,CH4,-0.305577
2021-08-25T10:48:24Z,2,39,1,Fresh,10,1 µm,NA,CO2,1.65408
2021-08-25T10:49:50Z,2,39,2,Fresh,10,1 µm,NA,CH4,-0.0297903
2021-08-25T10:49:50Z,2,39,2,Fresh,10,1 µm,NA,CO2,1.5168
2021-08-25T10:51:45Z,2,37,1,Fresh,10,Control,NA,CH4,-0.110327
2021-08-25T10:51:45Z,2,37,1,Fresh,10,Control,NA,CO2,8.98317
2021-08-25T10:53:11Z,2,37,2,Fresh,10,Control,NA,CH4,-0.0766569
2021-08-25T10:53:11Z,2,37,2,Fresh,10,Control,NA,CO2,4.44147
2021-08-25T10:55:18Z,2,33,1,Fresh,9,Control,NA,CH4,-0.0176108
2021-08-25T10:55:18Z,2,33,1,Fresh,9,Control,NA,CO2,2.65313
2021-08-25T10:56:43Z,2,33,2,Fresh,9,Control,NA,CH4,-0.00443051
2021-08-25T10:56:43Z,2,33,2,Fresh,9,Control,NA,CO2,1.29509
2021-08-25T10:59:51Z,2,35,1,Fresh,9,1 µm,NA,CH4,0.0329372
2021-08-25T10:59:51Z,2,35,1,Fresh,9,1 µm,NA,CO2,12.1986
2021-08-25T11:01:16Z,2,35,2,Fresh,9,1 µm,NA,CH4,0.0398241
2021-08-25T11:01:16Z,2,35,2,Fresh,9,1 µm,NA,CO2,9.01168
2021-08-25T11:03:05Z,2,36,1,Fresh,9,45 µm,NA,CH4,-1.14896
2021-08-25T11:03:05Z,2,36,1,Fresh,9,45 µm,NA,CO2,12.6959
2021-08-25T11:04:29Z,2,36,2,Fresh,9,45 µm,NA,CH4,-0.975678
2021-08-25T11:04:29Z,2,36,2,Fresh,9,45 µm,NA,CO2,9.08157
2021-08-25T11:06:19Z,2,34,1,Fresh,9,Disturbance,NA,CH4,-3.14765
2021-08-25T11:06:19Z,2,34,1,Fresh,9,Disturbance,NA,CO2,71.3575
2021-08-25T11:07:44Z,2,34,2,Fresh,9,Disturbance,NA,CH4,-0.972797
2021-08-25T11:07:44Z,2,34,2,Fresh,9,Disturbance,NA,CO2,20.065
2021-08-25T11:12:28Z,2,4,1,Control,1,45 µm,NA,CH4,-3.36312
2021-08-25T11:12:28Z,2,4,1,Control,1,45 µm,NA,CO2,24.0503
2021-08-25T11:13:53Z,2,4,2,Control,1,45 µm,NA,CH4,-1.01692
2021-08-25T11:13:53Z,2,4,2,Control,1,45 µm,NA,CO2,9.96447
2021-08-25T11:15:44Z,2,2,1,Control,1,Disturbance,NA,CH4,-2.88197
2021-08-25T11:15:44Z,2,2,1,Control,1,Disturbance,NA,CO2,29.611
2021-08-25T11:17:09Z,2,2,2,Control,1,Disturbance,NA,CH4,-2.07836
2021-08-25T11:17:09Z,2,2,2,Control,1,Disturbance,NA,CO2,11.5825
2021-08-25T11:18:57Z,2,3,1,Control,1,1 µm,NA,CH4,-1.28176
2021-08-25T11:18:57Z,2,3,1,Control,1,1 µm,NA,CO2,8.04337
2021-08-25T11:20:23Z,2,3,2,Control,1,1 µm,NA,CH4,-1.26284
2021-08-25T11:20:23Z,2,3,2,Control,1,1 µm,NA,CO2,7.79079
2021-08-25T11:22:21Z,2,1,1,Control,1,Control,NA,CH4,-1.77659
2021-08-25T11:22:21Z,2,1,1,Control,1,Control,NA,CO2,22.4839
2021-08-25T11:23:47Z,2,1,2,Control,1,Control,NA,CH4,-1.34996
2021-08-25T11:23:47Z,2,1,2,Control,1,Control,NA,CO2,11.1021
2021-08-25T11:25:40Z,2,5,1,Control,2,Control,NA,CH4,-2.78787
2021-08-25T11:25:40Z,2,5,1,Control,2,Control,NA,CO2,26.0667
2021-08-25T11:27:06Z,2,5,2,Control,2,Control,NA,CH4,-2.03414
2021-08-25T11:27:06Z,2,5,2,Control,2,Control,NA,CO2,14.3496
2021-08-25T11:28:55Z,2,8,1,Control,2,45 µm,NA,CH4,-2.42284
2021-08-25T11:28:55Z,2,8,1,Control,2,45 µm,NA,CO2,15.9338
2021-08-25T11:32:06Z,2,7,1,Control,2,1 µm,NA,CH4,-1.13639
2021-08-25T11:32:06Z,2,7,1,Control,2,1 µm,NA,CO2,9.5938
2021-08-25T11:33:31Z,2,7,2,Control,2,1 µm,NA,CH4,-1.02406
2021-08-25T11:33:31Z,2,7,2,Control,2,1 µm,NA,CO2,9.45746
2021-08-25T11:35:07Z,2,6,1,Control,2,Disturbance,NA,CH4,-4.17683
2021-08-25T11:35:07Z,2,6,1,Control,2,Disturbance,NA,CO2,26.4907
2021-08-25T11:36:32Z,2,6,2,Control,2,Disturbance,NA,CH4,-2.02789
2021-08-25T11:36:32Z,2,6,2,Control,2,Disturbance,NA,CO2,15.3217
2021-08-25T11:38:44Z,2,10,1,Control,3,Disturbance,NA,CH4,-2.76169
2021-08-25T11:38:44Z,2,10,1,Control,3,Disturbance,NA,CO2,49.5123
2021-08-25T11:40:10Z,2,10,2,Control,3,Disturbance,NA,CH4,-0.438151
2021-08-25T11:40:10Z,2,10,2,Control,3,Disturbance,NA,CO2,12.0509
2021-08-25T11:41:51Z,2,12,1,Control,3,45 µm,NA,CH4,-0.134291
2021-08-25T11:41:51Z,2,12,1,Control,3,45 µm,NA,CO2,9.23726
2021-08-25T11:43:17Z,2,12,2,Control,3,45 µm,NA,CH4,-0.0679873
2021-08-25T11:43:17Z,2,12,2,Control,3,45 µm,NA,CO2,6.17782
2021-08-25T11:45:11Z,2,9,1,Control,3,Control,NA,CH4,-2.03604
2021-08-25T11:45:11Z,2,9,1,Control,3,Control,NA,CO2,27.153
2021-08-25T11:46:37Z,2,9,2,Control,3,Control,NA,CH4,-1.53513
2021-08-25T11:46:37Z,2,9,2,Control,3,Control,NA,CO2,16.711
2021-08-25T11:48:16Z,2,11,1,Control,3,1 µm,NA,CH4,-0.0746015
2021-08-25T11:48:16Z,2,11,1,Control,3,1 µm,NA,CO2,2.20927
2021-08-25T11:49:42Z,2,11,2,Control,3,1 µm,NA,CH4,-0.0417566
2021-08-25T11:49:42Z,2,11,2,Control,3,1 µm,NA,CO2,2.63404
2021-08-25T11:51:44Z,2,13,1,Control,4,Control,NA,CH4,-1.25707
2021-08-25T11:51:44Z,2,13,1,Control,4,Control,NA,CO2,8.58145
2021-08-25T11:54:59Z,2,14,1,Control,4,Disturbance,NA,CH4,-6.24128
2021-08-25T11:54:59Z,2,14,1,Control,4,Disturbance,NA,CO2,40.4133
2021-08-25T11:56:24Z,2,14,2,Control,4,Disturbance,NA,CH4,-1.48248
2021-08-25T11:56:24Z,2,14,2,Control,4,Disturbance,NA,CO2,12.945
2021-08-25T11:58:05Z,2,15,1,Control,4,1 µm,NA,CH4,-4.17328
2021-08-25T11:58:05Z,2,15,1,Control,4,1 µm,NA,CO2,32.616
2021-08-25T11:59:30Z,2,15,2,Control,4,1 µm,NA,CH4,-1.2405
2021-08-25T11:59:30Z,2,15,2,Control,4,1 µm,NA,CO2,11.8761
2021-08-25T12:01:18Z,2,16,1,Control,4,45 µm,NA,CH4,0.270256
2021-08-25T12:01:18Z,2,16,1,Control,4,45 µm,NA,CO2,8.30846
2021-08-25T12:02:43Z,2,16,2,Control,4,45 µm,NA,CH4,0.0633121
2021-08-25T12:02:43Z,2,16,2,Control,4,45 µm,NA,CO2,6.40377
2021-08-25T13:08:04Z,3,6,1,Control,2,Disturbance,NA,CH4,-2.5541
2021-08-25T13:08:04Z,3,6,1,Control,2,Disturbance,NA,CO2,23.6323
2021-08-25T13:09:29Z,3,6,2,Control,2,Disturbance,NA,CH4,-1.78311
2021-08-25T13:09:29Z,3,6,2,Control,2,Disturbance,NA,CO2,12.6666
2021-08-25T13:11:04Z,3,7,1,Control,2,1 µm,NA,CH4,-1.29852
2021-08-25T13:11:04Z,3,7,1,Control,2,1 µm,NA,CO2,16.153
2021-08-25T13:12:29Z,3,7,2,Control,2,1 µm,NA,CH4,-1.00856
2021-08-25T13:12:29Z,3,7,2,Control,2,1 µm,NA,CO2,8.92093
2021-08-25T13:14:16Z,3,8,1,Control,2,45 µm,NA,CH4,-2.23707
2021-08-25T13:14:16Z,3,8,1,Control,2,45 µm,NA,CO2,16.3743
2021-08-25T13:15:41Z,3,8,2,Control,2,45 µm,NA,CH4,-2.05252
2021-08-25T13:15:41Z,3,8,2,Control,2,45 µm,NA,CO2,13.0648
2021-08-25T13:17:21Z,3,5,1,Control,2,Control,NA,CH4,-2.1488
2021-08-25T13:17:21Z,3,5,1,Control,2,Control,NA,CO2,15.9165
2021-08-25T13:18:46Z,3,5,2,Control,2,Control,NA,CH4,-1.84422
2021-08-25T13:18:46Z,3,5,2,Control,2,Control,NA,CO2,13.7137
2021-08-25T13:20:42Z,3,4,1,Control,1,45 µm,NA,CH4,-1.05371
2021-08-25T13:20:42Z,3,4,1,Control,1,45 µm,NA,CO2,11.6756
2021-08-25T13:22:07Z,3,4,2,Control,1,45 µm,NA,CH4,-0.934093
2021-08-25T13:22:07Z,3,4,2,Control,1,45 µm,NA,CO2,9.06813
2021-08-25T13:24:34Z,3,2,1,Control,1,Disturbance,NA,CH4,-2.70823
2021-08-25T13:24:34Z,3,2,1,Control,1,Disturbance,NA,CO2,24.8348
2021-08-25T13:25:59Z,3,2,2,Control,1,Disturbance,NA,CH4,-2.20457
2021-08-25T13:25:59Z,3,2,2,Control,1,Disturbance,NA,CO2,13.368
2021-08-25T13:27:49Z,3,3,1,Control,1,1 µm,NA,CH4,-1.39885
2021-08-25T13:27:49Z,3,3,1,Control,1,1 µm,NA,CO2,13.626
2021-08-25T13:29:16Z,3,3,2,Control,1,1 µm,NA,CH4,-1.31515
2021-08-25T13:29:16Z,3,3,2,Control,1,1 µm,NA,CO2,10.8304
2021-08-25T13:31:02Z,3,1,1,Control,1,Control,NA,CH4,-1.45227
2021-08-25T13:31:02Z,3,1,1,Control,1,Control,NA,CO2,14.6179
2021-08-25T13:32:27Z,3,1,2,Control,1,Control,NA,CH4,-1.4357
2021-08-25T13:32:27Z,3,1,2,Control,1,Control,NA,CO2,12.2878
2021-08-25T13:34:37Z,3,11,1,Control,3,1 µm,NA,CH4,-0.0390595
2021-08-25T13:34:37Z,3,11,1,Control,3,1 µm,NA,CO2,5.2442
2021-08-25T13:36:03Z,3,11,2,Control,3,1 µm,NA,CH4,-0.136996
2021-08-25T13:36:03Z,3,11,2,Control,3,1 µm,NA,CO2,2.37097
2021-08-25T13:37:47Z,3,9,1,Control,3,Control,NA,CH4,-2.10586
2021-08-25T13:37:47Z,3,9,1,Control,3,Control,NA,CO2,29.575
2021-08-25T13:39:12Z,3,9,2,Control,3,Control,NA,CH4,-1.45713
2021-08-25T13:39:12Z,3,9,2,Control,3,Control,NA,CO2,18.314
2021-08-25T13:42:18Z,3,12,1,Control,3,45 µm,NA,CH4,-0.1203
2021-08-25T13:42:18Z,3,12,1,Control,3,45 µm,NA,CO2,11.3123
2021-08-25T13:43:44Z,3,12,2,Control,3,45 µm,NA,CH4,-0.0836489
2021-08-25T13:43:44Z,3,12,2,Control,3,45 µm,NA,CO2,6.78812
2021-08-25T13:45:49Z,3,10,1,Control,3,Disturbance,NA,CH4,-2.46604
2021-08-25T13:45:49Z,3,10,1,Control,3,Disturbance,NA,CO2,42.7664
2021-08-25T13:47:14Z,3,10,2,Control,3,Disturbance,NA,CH4,-0.437394
2021-08-25T13:47:14Z,3,10,2,Control,3,Disturbance,NA,CO2,9.22737
2021-08-25T13:49:25Z,3,13,1,Control,4,Control,NA,CH4,-2.61601
2021-08-25T13:49:25Z,3,13,1,Control,4,Control,NA,CO2,14.9096
2021-08-25T13:50:51Z,3,13,2,Control,4,Control,NA,CH4,-1.37596
2021-08-25T13:50:51Z,3,13,2,Control,4,Control,NA,CO2,10.0531
2021-08-25T13:53:24Z,3,14,1,Control,4,Disturbance,NA,CH4,-3.57211
2021-08-25T13:53:24Z,3,14,1,Control,4,Disturbance,NA,CO2,26.2364
2021-08-25T13:54:50Z,3,14,2,Control,4,Disturbance,NA,CH4,-1.38784
2021-08-25T13:54:50Z,3,14,2,Control,4,Disturbance,NA,CO2,12.0071
2021-08-25T13:56:31Z,3,15,1,Control,4,1 µm,NA,CH4,-1.28425
2021-08-25T13:56:31Z,3,15,1,Control,4,1 µm,NA,CO2,11.8748
2021-08-25T13:59:46Z,3,16,1,Control,4,45 µm,NA,CH4,0.194014
2021-08-25T13:59:46Z,3,16,1,Control,4,45 µm,NA,CO2,8.43979
2021-08-25T14:01:11Z,3,16,2,Control,4,45 µm,NA,CH4,0.0635242
2021-08-25T14:01:11Z,3,16,2,Control,4,45 µm,NA,CO2,5.50826
2021-08-25T14:06:14Z,3,36,1,Fresh,9,45 µm,NA,CH4,-0.0732358
2021-08-25T14:06:14Z,3,36,1,Fresh,9,45 µm,NA,CO2,1.85825
2021-08-25T14:07:39Z,3,36,2,Fresh,9,45 µm,NA,CH4,-0.100896
2021-08-25T14:07:39Z,3,36,2,Fresh,9,45 µm,NA,CO2,2.04464
2021-08-25T14:09:27Z,3,33,1,Fresh,9,Control,NA,CH4,0.014077
2021-08-25T14:09:27Z,3,33,1,Fresh,9,Control,NA,CO2,1.04828
2021-08-25T14:10:52Z,3,33,2,Fresh,9,Control,NA,CH4,0.0152669
2021-08-25T14:10:52Z,3,33,2,Fresh,9,Control,NA,CO2,1.04442
2021-08-25T14:12:33Z,3,35,1,Fresh,9,1 µm,NA,CH4,0.0361223
2021-08-25T14:12:33Z,3,35,1,Fresh,9,1 µm,NA,CO2,1.38451
2021-08-25T14:13:58Z,3,35,2,Fresh,9,1 µm,NA,CH4,-0.0094888
2021-08-25T14:13:58Z,3,35,2,Fresh,9,1 µm,NA,CO2,1.08814
2021-08-25T14:15:38Z,3,34,1,Fresh,9,Disturbance,NA,CH4,-0.119883
2021-08-25T14:15:38Z,3,34,1,Fresh,9,Disturbance,NA,CO2,4.32874
2021-08-25T14:17:02Z,3,34,2,Fresh,9,Disturbance,NA,CH4,-0.0811658
2021-08-25T14:17:02Z,3,34,2,Fresh,9,Disturbance,NA,CO2,3.08703
2021-08-25T14:19:12Z,3,40,1,Fresh,10,45 µm,NA,CH4,-0.473925
2021-08-25T14:19:12Z,3,40,1,Fresh,10,45 µm,NA,CO2,10.156
2021-08-25T14:20:38Z,3,40,2,Fresh,10,45 µm,NA,CH4,-0.306976
2021-08-25T14:20:38Z,3,40,2,Fresh,10,45 µm,NA,CO2,5.50753
2021-08-25T14:22:33Z,3,38,1,Fresh,10,Disturbance,NA,CH4,-0.214479
2021-08-25T14:22:33Z,3,38,1,Fresh,10,Disturbance,NA,CO2,5.04895
2021-08-25T14:23:58Z,3,38,2,Fresh,10,Disturbance,NA,CH4,-0.177402
2021-08-25T14:23:58Z,3,38,2,Fresh,10,Disturbance,NA,CO2,2.75017
2021-08-25T14:25:49Z,3,37,1,Fresh,10,Control,NA,CH4,-0.975164
2021-08-25T14:25:49Z,3,37,1,Fresh,10,Control,NA,CO2,13.2581
2021-08-25T14:27:14Z,3,37,2,Fresh,10,Control,NA,CH4,-0.0130048
2021-08-25T14:27:14Z,3,37,2,Fresh,10,Control,NA,CO2,4.09122
2021-08-25T14:29:10Z,3,39,1,Fresh,10,1 µm,NA,CH4,-0.0499281
2021-08-25T14:29:10Z,3,39,1,Fresh,10,1 µm,NA,CO2,2.48554
2021-08-25T14:30:35Z,3,39,2,Fresh,10,1 µm,NA,CH4,0.00387614
2021-08-25T14:30:35Z,3,39,2,Fresh,10,1 µm,NA,CO2,1.46376
2021-08-25T14:32:45Z,3,43,1,Fresh,11,1 µm,NA,CH4,1.56761
2021-08-25T14:32:45Z,3,43,1,Fresh,11,1 µm,NA,CO2,1.7654
2021-08-25T14:34:10Z,3,43,2,Fresh,11,1 µm,NA,CH4,0.00884994
2021-08-25T14:34:10Z,3,43,2,Fresh,11,1 µm,NA,CO2,1.83227
2021-08-25T14:36:06Z,3,41,1,Fresh,11,Control,NA,CH4,0.00620156
2021-08-25T14:36:06Z,3,41,1,Fresh,11,Control,NA,CO2,1.54326
2021-08-25T14:37:31Z,3,41,2,Fresh,11,Control,NA,CH4,-0.0132189
2021-08-25T14:37:31Z,3,41,2,Fresh,11,Control,NA,CO2,1.58666
2021-08-25T14:39:48Z,3,44,1,Fresh,11,45 µm,NA,CH4,0.00401971
2021-08-25T14:39:48Z,3,44,1,Fresh,11,45 µm,NA,CO2,1.06888
2021-08-25T14:41:12Z,3,44,2,Fresh,11,45 µm,NA,CH4,8.98574e-4
2021-08-25T14:41:12Z,3,44,2,Fresh,11,45 µm,NA,CO2,1.14391
2021-08-25T14:43:02Z,3,42,1,Fresh,11,Disturbance,NA,CH4,-0.195945
2021-08-25T14:43:02Z,3,42,1,Fresh,11,Disturbance,NA,CO2,2.05268
2021-08-25T14:44:28Z,3,42,2,Fresh,11,Disturbance,NA,CH4,-0.0547805
2021-08-25T14:44:28Z,3,42,2,Fresh,11,Disturbance,NA,CO2,2.31805
2021-08-25T14:46:42Z,3,45,1,Fresh,12,Control,NA,CH4,-0.175297
2021-08-25T14:46:42Z,3,45,1,Fresh,12,Control,NA,CO2,11.6716
2021-08-25T14:48:07Z,3,45,2,Fresh,12,Control,NA,CH4,-0.0877807
2021-08-25T14:48:07Z,3,45,2,Fresh,12,Control,NA,CO2,2.87774
2021-08-25T14:50:01Z,3,46,1,Fresh,12,Disturbance,NA,CH4,-3.54145
2021-08-25T14:50:01Z,3,46,1,Fresh,12,Disturbance,NA,CO2,20.992
2021-08-25T14:51:25Z,3,46,2,Fresh,12,Disturbance,NA,CH4,-1.30454
2021-08-25T14:51:25Z,3,46,2,Fresh,12,Disturbance,NA,CO2,9.44577
2021-08-25T14:53:24Z,3,47,1,Fresh,12,1 µm,NA,CH4,-0.702466
2021-08-25T14:53:24Z,3,47,1,Fresh,12,1 µm,NA,CO2,13.6295
2021-08-25T14:54:49Z,3,47,2,Fresh,12,1 µm,NA,CH4,-0.608933
2021-08-25T14:54:49Z,3,47,2,Fresh,12,1 µm,NA,CO2,7.14831
2021-08-25T14:56:46Z,3,48,1,Fresh,12,45 µm,NA,CH4,-0.96991
2021-08-25T14:56:46Z,3,48,1,Fresh,12,45 µm,NA,CO2,14.0445
2021-08-25T14:58:10Z,3,48,2,Fresh,12,45 µm,NA,CH4,-0.989174
2021-08-25T14:58:10Z,3,48,2,Fresh,12,45 µm,NA,CO2,8.55468
2021-08-25T16:05:03Z,4,4,1,Control,1,45 µm,NA,CH4,-1.24004
2021-08-25T16:05:03Z,4,4,1,Control,1,45 µm,NA,CO2,23.0194
2021-08-25T16:06:28Z,4,4,2,Control,1,45 µm,NA,CH4,-1.01419
2021-08-25T16:06:28Z,4,4,2,Control,1,45 µm,NA,CO2,10.8918
2021-08-25T16:09:25Z,4,2,1,Control,1,Disturbance,NA,CH4,-7.17674
2021-08-25T16:09:25Z,4,2,1,Control,1,Disturbance,NA,CO2,41.5779
2021-08-25T16:10:49Z,4,2,2,Control,1,Disturbance,NA,CH4,-2.36992
2021-08-25T16:10:49Z,4,2,2,Control,1,Disturbance,NA,CO2,16.741
2021-08-25T16:13:03Z,4,3,1,Control,1,1 µm,NA,CH4,-1.40403
2021-08-25T16:13:03Z,4,3,1,Control,1,1 µm,NA,CO2,15.187
2021-08-25T16:14:28Z,4,3,2,Control,1,1 µm,NA,CH4,-1.30922
2021-08-25T16:14:28Z,4,3,2,Control,1,1 µm,NA,CO2,9.73585
2021-08-25T16:16:26Z,4,1,1,Control,1,Control,NA,CH4,-1.75534
2021-08-25T16:16:26Z,4,1,1,Control,1,Control,NA,CO2,21.8845
2021-08-25T16:17:51Z,4,1,2,Control,1,Control,NA,CH4,-1.30807
2021-08-25T16:17:51Z,4,1,2,Control,1,Control,NA,CO2,9.7036
2021-08-25T16:20:03Z,4,5,1,Control,2,Control,NA,CH4,-2.67533
2021-08-25T16:20:03Z,4,5,1,Control,2,Control,NA,CO2,25.7081
2021-08-25T16:21:27Z,4,5,2,Control,2,Control,NA,CH4,-1.93133
2021-08-25T16:21:27Z,4,5,2,Control,2,Control,NA,CO2,15.7459
2021-08-25T16:23:14Z,4,8,1,Control,2,45 µm,NA,CH4,-2.24909
2021-08-25T16:23:14Z,4,8,1,Control,2,45 µm,NA,CO2,13.4167
2021-08-25T16:24:39Z,4,8,2,Control,2,45 µm,NA,CH4,-2.09784
2021-08-25T16:24:39Z,4,8,2,Control,2,45 µm,NA,CO2,11.7013
2021-08-25T16:26:37Z,4,7,1,Control,2,1 µm,NA,CH4,-1.27667
2021-08-25T16:26:37Z,4,7,1,Control,2,1 µm,NA,CO2,20.4196
2021-08-25T16:28:02Z,4,7,2,Control,2,1 µm,NA,CH4,-0.95908
2021-08-25T16:28:02Z,4,7,2,Control,2,1 µm,NA,CO2,8.40827
2021-08-25T16:29:50Z,4,6,1,Control,2,Disturbance,NA,CH4,-2.56355
2021-08-25T16:29:50Z,4,6,1,Control,2,Disturbance,NA,CO2,26.0382
2021-08-25T16:31:15Z,4,6,2,Control,2,Disturbance,NA,CH4,-1.93497
2021-08-25T16:31:15Z,4,6,2,Control,2,Disturbance,NA,CO2,13.4956
2021-08-25T16:33:28Z,4,11,1,Control,3,1 µm,NA,CH4,-0.157859
2021-08-25T16:33:28Z,4,11,1,Control,3,1 µm,NA,CO2,3.78614
2021-08-25T16:34:53Z,4,11,2,Control,3,1 µm,NA,CH4,-0.0498966
2021-08-25T16:34:53Z,4,11,2,Control,3,1 µm,NA,CO2,2.74161
2021-08-25T16:37:02Z,4,9,1,Control,3,Control,NA,CH4,-2.05309
2021-08-25T16:37:02Z,4,9,1,Control,3,Control,NA,CO2,26.6257
2021-08-25T16:38:27Z,4,9,2,Control,3,Control,NA,CH4,-1.52365
2021-08-25T16:38:27Z,4,9,2,Control,3,Control,NA,CO2,18.9039
2021-08-25T16:40:18Z,4,12,1,Control,3,45 µm,NA,CH4,-0.0573324
2021-08-25T16:40:18Z,4,12,1,Control,3,45 µm,NA,CO2,12.2754
2021-08-25T16:41:43Z,4,12,2,Control,3,45 µm,NA,CH4,-0.0381085
2021-08-25T16:41:43Z,4,12,2,Control,3,45 µm,NA,CO2,6.25746
2021-08-25T16:43:41Z,4,10,1,Control,3,Disturbance,NA,CH4,-4.86352
2021-08-25T16:43:41Z,4,10,1,Control,3,Disturbance,NA,CO2,91.4414
2021-08-25T16:45:06Z,4,10,2,Control,3,Disturbance,NA,CH4,-0.45702
2021-08-25T16:45:06Z,4,10,2,Control,3,Disturbance,NA,CO2,10.4162
2021-08-25T16:47:48Z,4,14,1,Control,4,Disturbance,NA,CH4,-2.38873
2021-08-25T16:47:48Z,4,14,1,Control,4,Disturbance,NA,CO2,25.9256
2021-08-25T16:50:26Z,4,13,1,Control,4,Control,NA,CH4,-2.04464
2021-08-25T16:50:26Z,4,13,1,Control,4,Control,NA,CO2,15.1819
2021-08-25T16:51:51Z,4,13,2,Control,4,Control,NA,CH4,-1.53578
2021-08-25T16:51:51Z,4,13,2,Control,4,Control,NA,CO2,11.2964
2021-08-25T16:53:52Z,4,14,1,Control,4,Disturbance,NA,CH4,-2.26724
2021-08-25T16:53:52Z,4,14,1,Control,4,Disturbance,NA,CO2,22.1206
2021-08-25T16:55:17Z,4,14,2,Control,4,Disturbance,NA,CH4,-37.0497
2021-08-25T16:55:17Z,4,14,2,Control,4,Disturbance,NA,CO2,17.9426
2021-08-25T16:56:52Z,4,15,1,Control,4,1 µm,NA,CH4,-4.09167
2021-08-25T16:56:52Z,4,15,1,Control,4,1 µm,NA,CO2,31.294
2021-08-25T16:58:17Z,4,15,2,Control,4,1 µm,NA,CH4,-1.18427
2021-08-25T16:58:17Z,4,15,2,Control,4,1 µm,NA,CO2,10.204
2021-08-25T17:00:10Z,4,16,1,Control,4,45 µm,NA,CH4,-0.00367839
2021-08-25T17:00:10Z,4,16,1,Control,4,45 µm,NA,CO2,9.13386
2021-08-25T17:01:35Z,4,16,2,Control,4,45 µm,NA,CH4,-0.302581
2021-08-25T17:01:35Z,4,16,2,Control,4,45 µm,NA,CO2,5.44103
2021-08-25T17:07:40Z,4,47,1,Fresh,12,1 µm,NA,CH4,-0.668538
2021-08-25T17:07:40Z,4,47,1,Fresh,12,1 µm,NA,CO2,14.1451
2021-08-25T17:09:05Z,4,47,2,Fresh,12,1 µm,NA,CH4,-0.488057
2021-08-25T17:09:05Z,4,47,2,Fresh,12,1 µm,NA,CO2,5.40876
2021-08-25T17:10:40Z,4,48,1,Fresh,12,45 µm,NA,CH4,-0.847477
2021-08-25T17:10:40Z,4,48,1,Fresh,12,45 µm,NA,CO2,9.894
2021-08-25T17:12:05Z,4,48,2,Fresh,12,45 µm,NA,CH4,-0.775064
2021-08-25T17:12:05Z,4,48,2,Fresh,12,45 µm,NA,CO2,7.28155
2021-08-25T17:15:02Z,4,46,2,Fresh,12,Disturbance,NA,CH4,-1.37586
2021-08-25T17:15:02Z,4,46,2,Fresh,12,Disturbance,NA,CO2,8.93703
2021-08-25T17:16:54Z,4,45,1,Fresh,12,Control,NA,CH4,-0.0143054
2021-08-25T17:16:54Z,4,45,1,Fresh,12,Control,NA,CO2,19.1023
2021-08-25T17:18:18Z,4,45,2,Fresh,12,Control,NA,CH4,-0.175113
2021-08-25T17:18:18Z,4,45,2,Fresh,12,Control,NA,CO2,4.84263
2021-08-25T17:21:18Z,4,44,1,Fresh,11,45 µm,NA,CH4,0.00882863
2021-08-25T17:21:18Z,4,44,1,Fresh,11,45 µm,NA,CO2,2.56456
2021-08-25T17:22:44Z,4,44,2,Fresh,11,45 µm,NA,CH4,0.00538181
2021-08-25T17:22:44Z,4,44,2,Fresh,11,45 µm,NA,CO2,2.09245
2021-08-25T17:24:43Z,4,42,1,Fresh,11,Disturbance,NA,CH4,-0.0655938
2021-08-25T17:24:43Z,4,42,1,Fresh,11,Disturbance,NA,CO2,2.54132
2021-08-25T17:26:09Z,4,42,2,Fresh,11,Disturbance,NA,CH4,-0.0590666
2021-08-25T17:26:09Z,4,42,2,Fresh,11,Disturbance,NA,CO2,2.03662
2021-08-25T17:28:04Z,4,41,1,Fresh,11,Control,NA,CH4,-0.0144545
2021-08-25T17:28:04Z,4,41,1,Fresh,11,Control,NA,CO2,2.65064
2021-08-25T17:29:30Z,4,41,2,Fresh,11,Control,NA,CH4,0.00344357
2021-08-25T17:29:30Z,4,41,2,Fresh,11,Control,NA,CO2,1.63428
2021-08-25T17:31:24Z,4,43,1,Fresh,11,1 µm,NA,CH4,-0.00803547
2021-08-25T17:31:24Z,4,43,1,Fresh,11,1 µm,NA,CO2,4.59575
2021-08-25T17:32:49Z,4,43,2,Fresh,11,1 µm,NA,CH4,-0.0215243
2021-08-25T17:32:49Z,4,43,2,Fresh,11,1 µm,NA,CO2,2.76468
2021-08-25T17:34:54Z,4,40,1,Fresh,10,45 µm,NA,CH4,-1.14727
2021-08-25T17:34:54Z,4,40,1,Fresh,10,45 µm,NA,CO2,10.038
2021-08-25T17:36:19Z,4,40,2,Fresh,10,45 µm,NA,CH4,0.196561
2021-08-25T17:36:19Z,4,40,2,Fresh,10,45 µm,NA,CO2,4.67971
2021-08-25T17:38:14Z,4,38,1,Fresh,10,Disturbance,NA,CH4,2.16388
2021-08-25T17:38:14Z,4,38,1,Fresh,10,Disturbance,NA,CO2,13.7929
2021-08-25T17:39:38Z,4,38,2,Fresh,10,Disturbance,NA,CH4,-0.338541
2021-08-25T17:39:38Z,4,38,2,Fresh,10,Disturbance,NA,CO2,3.10759
2021-08-25T17:41:20Z,4,39,1,Fresh,10,1 µm,NA,CH4,-0.0165146
2021-08-25T17:41:20Z,4,39,1,Fresh,10,1 µm,NA,CO2,4.29538
2021-08-25T17:42:45Z,4,39,2,Fresh,10,1 µm,NA,CH4,-0.0129948
2021-08-25T17:42:45Z,4,39,2,Fresh,10,1 µm,NA,CO2,2.06867
2021-08-25T17:44:24Z,4,37,1,Fresh,10,Control,NA,CH4,-0.0959498
2021-08-25T17:44:24Z,4,37,1,Fresh,10,Control,NA,CO2,14.804
2021-08-25T17:45:49Z,4,37,2,Fresh,10,Control,NA,CH4,-0.173145
2021-08-25T17:45:49Z,4,37,2,Fresh,10,Control,NA,CO2,5.62097
2021-08-25T17:47:49Z,4,33,1,Fresh,9,Control,NA,CH4,-0.140469
2021-08-25T17:47:49Z,4,33,1,Fresh,9,Control,NA,CO2,8.89649
2021-08-25T17:49:14Z,4,33,2,Fresh,9,Control,NA,CH4,-0.0151071
2021-08-25T17:49:14Z,4,33,2,Fresh,9,Control,NA,CO2,4.56952
2021-08-25T17:50:48Z,4,35,1,Fresh,9,1 µm,NA,CH4,2.03257
2021-08-25T17:50:48Z,4,35,1,Fresh,9,1 µm,NA,CO2,1.93135
2021-08-25T17:52:13Z,4,35,2,Fresh,9,1 µm,NA,CH4,2.24907
2021-08-25T17:52:13Z,4,35,2,Fresh,9,1 µm,NA,CO2,1.7053
2021-08-25T17:53:59Z,4,34,1,Fresh,9,Disturbance,NA,CH4,0.161708
2021-08-25T17:53:59Z,4,34,1,Fresh,9,Disturbance,NA,CO2,10.9205
2021-08-25T17:55:24Z,4,34,2,Fresh,9,Disturbance,NA,CH4,-0.0419264
2021-08-25T17:55:24Z,4,34,2,Fresh,9,Disturbance,NA,CO2,5.2206
2021-08-25T17:56:59Z,4,36,1,Fresh,9,45 µm,NA,CH4,-0.00928131
2021-08-25T17:56:59Z,4,36,1,Fresh,9,45 µm,NA,CO2,6.40374
2021-08-25T17:58:25Z,4,36,2,Fresh,9,45 µm,NA,CH4,-0.00898682
2021-08-25T17:58:25Z,4,36,2,Fresh,9,45 µm,NA,CO2,3.98942
2021-08-25T19:08:24Z,5,45,1,Fresh,12,Control,NA,CH4,-0.36972
2021-08-25T19:08:24Z,5,45,1,Fresh,12,Control,NA,CO2,23.0562
2021-08-25T19:09:49Z,5,45,2,Fresh,12,Control,NA,CH4,-0.398704
2021-08-25T19:09:49Z,5,45,2,Fresh,12,Control,NA,CO2,5.61437
2021-08-25T19:11:23Z,5,46,1,Fresh,12,Disturbance,NA,CH4,-1.36408
2021-08-25T19:11:23Z,5,46,1,Fresh,12,Disturbance,NA,CO2,10.7739
2021-08-25T19:12:48Z,5,46,2,Fresh,12,Disturbance,NA,CH4,-1.18251
2021-08-25T19:12:48Z,5,46,2,Fresh,12,Disturbance,NA,CO2,8.24735
2021-08-25T19:14:15Z,5,48,1,Fresh,12,45 µm,NA,CH4,-0.879473
2021-08-25T19:14:15Z,5,48,1,Fresh,12,45 µm,NA,CO2,10.2179
2021-08-25T19:15:40Z,5,48,2,Fresh,12,45 µm,NA,CH4,-0.821158
2021-08-25T19:15:40Z,5,48,2,Fresh,12,45 µm,NA,CO2,7.40407
2021-08-25T19:17:13Z,5,47,1,Fresh,12,1 µm,NA,CH4,-0.556503
2021-08-25T19:17:13Z,5,47,1,Fresh,12,1 µm,NA,CO2,8.50258
2021-08-25T19:18:38Z,5,47,2,Fresh,12,1 µm,NA,CH4,-0.566854
2021-08-25T19:18:38Z,5,47,2,Fresh,12,1 µm,NA,CO2,6.53788
2021-08-25T19:20:40Z,5,43,1,Fresh,11,1 µm,NA,CH4,0.0611915
2021-08-25T19:20:40Z,5,43,1,Fresh,11,1 µm,NA,CO2,3.70853
2021-08-25T19:22:05Z,5,43,2,Fresh,11,1 µm,NA,CH4,-0.0289352
2021-08-25T19:22:05Z,5,43,2,Fresh,11,1 µm,NA,CO2,1.87416
2021-08-25T19:23:47Z,5,41,1,Fresh,11,Control,NA,CH4,-0.0415079
2021-08-25T19:23:47Z,5,41,1,Fresh,11,Control,NA,CO2,4.22339
2021-08-25T19:25:12Z,5,41,2,Fresh,11,Control,NA,CH4,-0.032721600000000003
2021-08-25T19:25:12Z,5,41,2,Fresh,11,Control,NA,CO2,4.04068
2021-08-25T19:26:46Z,5,42,1,Fresh,11,Disturbance,NA,CH4,-0.0950855
2021-08-25T19:26:46Z,5,42,1,Fresh,11,Disturbance,NA,CO2,4.22346
2021-08-25T19:28:12Z,5,42,2,Fresh,11,Disturbance,NA,CH4,-0.144717
2021-08-25T19:28:12Z,5,42,2,Fresh,11,Disturbance,NA,CO2,4.31668
2021-08-25T19:29:46Z,5,44,1,Fresh,11,45 µm,NA,CH4,-0.043975
2021-08-25T19:29:46Z,5,44,1,Fresh,11,45 µm,NA,CO2,3.16113
2021-08-25T19:31:11Z,5,44,2,Fresh,11,45 µm,NA,CH4,-0.00335557
2021-08-25T19:31:11Z,5,44,2,Fresh,11,45 µm,NA,CO2,3.21911
2021-08-25T19:33:03Z,5,38,1,Fresh,10,Disturbance,NA,CH4,-0.0615113
2021-08-25T19:33:03Z,5,38,1,Fresh,10,Disturbance,NA,CO2,7.82803
2021-08-25T19:34:29Z,5,38,2,Fresh,10,Disturbance,NA,CH4,-0.188326
2021-08-25T19:34:29Z,5,38,2,Fresh,10,Disturbance,NA,CO2,3.3723
2021-08-25T19:36:05Z,5,40,1,Fresh,10,45 µm,NA,CH4,-0.251091
2021-08-25T19:36:05Z,5,40,1,Fresh,10,45 µm,NA,CO2,8.11428
2021-08-25T19:37:31Z,5,40,2,Fresh,10,45 µm,NA,CH4,-0.172357
2021-08-25T19:37:31Z,5,40,2,Fresh,10,45 µm,NA,CO2,4.81748
2021-08-25T19:39:13Z,5,39,1,Fresh,10,1 µm,NA,CH4,-0.00757232
2021-08-25T19:39:13Z,5,39,1,Fresh,10,1 µm,NA,CO2,3.00597
2021-08-25T19:40:38Z,5,39,2,Fresh,10,1 µm,NA,CH4,-0.0152477
2021-08-25T19:40:38Z,5,39,2,Fresh,10,1 µm,NA,CO2,2.2693
2021-08-25T19:42:11Z,5,37,1,Fresh,10,Control,NA,CH4,-0.210645
2021-08-25T19:42:11Z,5,37,1,Fresh,10,Control,NA,CO2,5.94076
2021-08-25T19:43:36Z,5,37,2,Fresh,10,Control,NA,CH4,-0.0169139
2021-08-25T19:43:36Z,5,37,2,Fresh,10,Control,NA,CO2,3.67393
2021-08-25T19:45:37Z,5,36,1,Fresh,9,45 µm,NA,CH4,-0.247447
2021-08-25T19:45:37Z,5,36,1,Fresh,9,45 µm,NA,CO2,11.2863
2021-08-25T19:47:03Z,5,36,2,Fresh,9,45 µm,NA,CH4,-2.13994
2021-08-25T19:47:03Z,5,36,2,Fresh,9,45 µm,NA,CO2,9.08169
2021-08-25T19:48:45Z,5,34,1,Fresh,9,Disturbance,NA,CH4,-0.167178
2021-08-25T19:48:45Z,5,34,1,Fresh,9,Disturbance,NA,CO2,12.5687
2021-08-25T19:50:11Z,5,34,2,Fresh,9,Disturbance,NA,CH4,-0.313812
2021-08-25T19:50:11Z,5,34,2,Fresh,9,Disturbance,NA,CO2,8.56722
2021-08-25T19:51:47Z,5,35,1,Fresh,9,1 µm,NA,CH4,0.90984
2021-08-25T19:51:47Z,5,35,1,Fresh,9,1 µm,NA,CO2,4.14951
2021-08-25T19:53:12Z,5,35,2,Fresh,9,1 µm,NA,CH4,0.899895
2021-08-25T19:53:12Z,5,35,2,Fresh,9,1 µm,NA,CO2,3.69589
2021-08-25T19:54:49Z,5,33,1,Fresh,9,Control,NA,CH4,-0.0803686
2021-08-25T19:54:49Z,5,33,1,Fresh,9,Control,NA,CO2,10.3726
2021-08-25T19:56:14Z,5,33,2,Fresh,9,Control,NA,CH4,-0.0770173
2021-08-25T19:56:14Z,5,33,2,Fresh,9,Control,NA,CO2,6.93929
2021-08-25T20:03:27Z,5,16,1,Control,4,45 µm,NA,CH4,0.00962085
2021-08-25T20:03:27Z,5,16,1,Control,4,45 µm,NA,CO2,9.96332
2021-08-25T20:04:52Z,5,16,2,Control,4,45 µm,NA,CH4,0.150104
2021-08-25T20:04:52Z,5,16,2,Control,4,45 µm,NA,CO2,5.8377
2021-08-25T20:06:58Z,5,15,1,Control,4,1 µm,NA,CH4,-4.16311
2021-08-25T20:06:58Z,5,15,1,Control,4,1 µm,NA,CO2,36.4893
2021-08-25T20:08:24Z,5,15,2,Control,4,1 µm,NA,CH4,-1.24263
2021-08-25T20:08:24Z,5,15,2,Control,4,1 µm,NA,CO2,11.3535
2021-08-25T20:09:55Z,5,14,1,Control,4,Disturbance,NA,CH4,-5.60064
2021-08-25T20:09:55Z,5,14,1,Control,4,Disturbance,NA,CO2,43.7218
2021-08-25T20:11:21Z,5,14,2,Control,4,Disturbance,NA,CH4,-1.66416
2021-08-25T20:11:21Z,5,14,2,Control,4,Disturbance,NA,CO2,13.9029
2021-08-25T20:13:09Z,5,13,1,Control,4,Control,NA,CH4,-3.4825
2021-08-25T20:13:09Z,5,13,1,Control,4,Control,NA,CO2,19.7992
2021-08-25T20:14:34Z,5,13,2,Control,4,Control,NA,CH4,-1.58076
2021-08-25T20:14:34Z,5,13,2,Control,4,Control,NA,CO2,11.0023
2021-08-25T20:16:36Z,5,3,1,Control,1,1 µm,NA,CH4,-1.4473800000000001
2021-08-25T20:16:36Z,5,3,1,Control,1,1 µm,NA,CO2,11.7044
2021-08-25T20:18:01Z,5,3,2,Control,1,1 µm,NA,CH4,-1.37694
2021-08-25T20:18:01Z,5,3,2,Control,1,1 µm,NA,CO2,9.35815
2021-08-25T20:19:50Z,5,1,1,Control,1,Control,NA,CH4,-1.76658
2021-08-25T20:19:50Z,5,1,1,Control,1,Control,NA,CO2,18.9023
2021-08-25T20:21:16Z,5,1,2,Control,1,Control,NA,CH4,-1.41333
2021-08-25T20:21:16Z,5,1,2,Control,1,Control,NA,CO2,11.6833
2021-08-25T20:23:05Z,5,2,1,Control,1,Disturbance,NA,CH4,-3.06483
2021-08-25T20:23:05Z,5,2,1,Control,1,Disturbance,NA,CO2,31.7251
2021-08-25T20:24:31Z,5,2,2,Control,1,Disturbance,NA,CH4,-2.35778
2021-08-25T20:24:31Z,5,2,2,Control,1,Disturbance,NA,CO2,13.9527
2021-08-25T20:26:16Z,5,4,1,Control,1,45 µm,NA,CH4,-3.33967
2021-08-25T20:26:16Z,5,4,1,Control,1,45 µm,NA,CO2,20.0981
2021-08-25T20:27:41Z,5,4,2,Control,1,45 µm,NA,CH4,-1.00779
2021-08-25T20:27:41Z,5,4,2,Control,1,45 µm,NA,CO2,9.38568
2021-08-25T20:29:35Z,5,5,1,Control,2,Control,NA,CH4,-3.02164
2021-08-25T20:29:35Z,5,5,1,Control,2,Control,NA,CO2,37.3978
2021-08-25T20:31:00Z,5,5,2,Control,2,Control,NA,CH4,-2.04836
2021-08-25T20:31:00Z,5,5,2,Control,2,Control,NA,CO2,15.5253
2021-08-25T20:33:18Z,5,6,1,Control,2,Disturbance,NA,CH4,-2.87738
2021-08-25T20:33:18Z,5,6,1,Control,2,Disturbance,NA,CO2,27.4849
2021-08-25T20:34:44Z,5,6,2,Control,2,Disturbance,NA,CH4,-2.00311
2021-08-25T20:34:44Z,5,6,2,Control,2,Disturbance,NA,CO2,13.7602
2021-08-25T20:36:21Z,5,7,1,Control,2,1 µm,NA,CH4,-1.21845
2021-08-25T20:36:21Z,5,7,1,Control,2,1 µm,NA,CO2,13.5059
2021-08-25T20:37:47Z,5,7,2,Control,2,1 µm,NA,CH4,-1.00318
2021-08-25T20:37:47Z,5,7,2,Control,2,1 µm,NA,CO2,9.69125
2021-08-25T20:39:23Z,5,8,1,Control,2,45 µm,NA,CH4,-3.1211
2021-08-25T20:39:23Z,5,8,1,Control,2,45 µm,NA,CO2,18.6755
2021-08-25T20:40:48Z,5,8,2,Control,2,45 µm,NA,CH4,-2.74672
2021-08-25T20:40:48Z,5,8,2,Control,2,45 µm,NA,CO2,16.0929
2021-08-25T20:42:53Z,5,11,1,Control,3,1 µm,NA,CH4,-0.227641
2021-08-25T20:42:53Z,5,11,1,Control,3,1 µm,NA,CO2,2.77834
2021-08-25T20:44:19Z,5,11,2,Control,3,1 µm,NA,CH4,-0.0695676
2021-08-25T20:44:19Z,5,11,2,Control,3,1 µm,NA,CO2,2.91678
2021-08-25T20:46:01Z,5,9,1,Control,3,Control,NA,CH4,-2.22228
2021-08-25T20:46:01Z,5,9,1,Control,3,Control,NA,CO2,31.7751
2021-08-25T20:47:27Z,5,9,2,Control,3,Control,NA,CH4,-1.46559
2021-08-25T20:47:27Z,5,9,2,Control,3,Control,NA,CO2,14.9609
2021-08-25T20:49:09Z,5,12,1,Control,3,45 µm,NA,CH4,-0.0716201
2021-08-25T20:49:09Z,5,12,1,Control,3,45 µm,NA,CO2,11.9766
2021-08-25T20:50:34Z,5,12,2,Control,3,45 µm,NA,CH4,-0.167149
2021-08-25T20:50:34Z,5,12,2,Control,3,45 µm,NA,CO2,7.52431
2021-08-25T20:52:11Z,5,10,1,Control,3,Disturbance,NA,CH4,-3.77809
2021-08-25T20:52:11Z,5,10,1,Control,3,Disturbance,NA,CO2,43.1525
2021-08-26T08:12:14Z,6,36,1,Fresh,9,45 µm,NA,CH4,-0.665261
2021-08-26T08:12:14Z,6,36,1,Fresh,9,45 µm,NA,CO2,9.95676
2021-08-26T08:13:39Z,6,36,2,Fresh,9,45 µm,NA,CH4,-0.587969
2021-08-26T08:13:39Z,6,36,2,Fresh,9,45 µm,NA,CO2,9.43864
2021-08-26T08:15:12Z,6,34,1,Fresh,9,Disturbance,NA,CH4,-0.536385
2021-08-26T08:15:12Z,6,34,1,Fresh,9,Disturbance,NA,CO2,18.6418
2021-08-26T08:16:37Z,6,34,2,Fresh,9,Disturbance,NA,CH4,-0.584642
2021-08-26T08:16:37Z,6,34,2,Fresh,9,Disturbance,NA,CO2,8.39495
2021-08-26T08:18:10Z,6,35,1,Fresh,9,1 µm,NA,CH4,0.300943
2021-08-26T08:18:10Z,6,35,1,Fresh,9,1 µm,NA,CO2,5.04095
2021-08-26T08:19:36Z,6,35,2,Fresh,9,1 µm,NA,CH4,0.21704
2021-08-26T08:19:36Z,6,35,2,Fresh,9,1 µm,NA,CO2,3.66749
2021-08-26T08:21:08Z,6,33,1,Fresh,9,Control,NA,CH4,-0.36231
2021-08-26T08:21:08Z,6,33,1,Fresh,9,Control,NA,CO2,11.3378
2021-08-26T08:22:33Z,6,33,2,Fresh,9,Control,NA,CH4,-0.375274
2021-08-26T08:22:33Z,6,33,2,Fresh,9,Control,NA,CO2,7.54756
2021-08-26T08:24:48Z,6,45,1,Fresh,12,Control,NA,CH4,-0.36634
2021-08-26T08:24:48Z,6,45,1,Fresh,12,Control,NA,CO2,27.4527
2021-08-26T08:26:14Z,6,45,2,Fresh,12,Control,NA,CH4,-0.262891
2021-08-26T08:26:14Z,6,45,2,Fresh,12,Control,NA,CO2,7.69371
2021-08-26T08:27:46Z,6,46,1,Fresh,12,Disturbance,NA,CH4,-1.44086
2021-08-26T08:27:46Z,6,46,1,Fresh,12,Disturbance,NA,CO2,11.2153
2021-08-26T08:29:11Z,6,46,2,Fresh,12,Disturbance,NA,CH4,-1.20759
2021-08-26T08:29:11Z,6,46,2,Fresh,12,Disturbance,NA,CO2,8.69446
2021-08-26T08:30:44Z,6,48,1,Fresh,12,45 µm,NA,CH4,-0.913441
2021-08-26T08:30:44Z,6,48,1,Fresh,12,45 µm,NA,CO2,9.55103
2021-08-26T08:32:10Z,6,48,2,Fresh,12,45 µm,NA,CH4,-0.901184
2021-08-26T08:32:10Z,6,48,2,Fresh,12,45 µm,NA,CO2,8.85223
2021-08-26T08:33:42Z,6,47,1,Fresh,12,1 µm,NA,CH4,-0.727281
2021-08-26T08:33:42Z,6,47,1,Fresh,12,1 µm,NA,CO2,11.3767
2021-08-26T08:35:08Z,6,47,2,Fresh,12,1 µm,NA,CH4,-0.601301
2021-08-26T08:35:08Z,6,47,2,Fresh,12,1 µm,NA,CO2,6.39796
2021-08-26T08:37:15Z,6,44,1,Fresh,11,45 µm,NA,CH4,-0.312474
2021-08-26T08:37:15Z,6,44,1,Fresh,11,45 µm,NA,CO2,6.69108
2021-08-26T08:38:40Z,6,44,2,Fresh,11,45 µm,NA,CH4,-0.377678
2021-08-26T08:38:40Z,6,44,2,Fresh,11,45 µm,NA,CO2,6.11651
2021-08-26T08:40:15Z,6,42,1,Fresh,11,Disturbance,NA,CH4,-0.527348
2021-08-26T08:40:15Z,6,42,1,Fresh,11,Disturbance,NA,CO2,7.51009
2021-08-26T08:43:17Z,6,41,1,Fresh,11,Control,NA,CH4,-0.570184
2021-08-26T08:43:17Z,6,41,1,Fresh,11,Control,NA,CO2,10.9236
2021-08-26T08:44:43Z,6,41,2,Fresh,11,Control,NA,CH4,-5.13115
2021-08-26T08:44:43Z,6,41,2,Fresh,11,Control,NA,CO2,7.17431
2021-08-26T08:46:19Z,6,43,1,Fresh,11,1 µm,NA,CH4,-0.262404
2021-08-26T08:46:19Z,6,43,1,Fresh,11,1 µm,NA,CO2,10.4687
2021-08-26T08:49:24Z,6,38,1,Fresh,10,Disturbance,NA,CH4,-0.310856
2021-08-26T08:49:24Z,6,38,1,Fresh,10,Disturbance,NA,CO2,15.2908
2021-08-26T08:50:50Z,6,38,2,Fresh,10,Disturbance,NA,CH4,-0.160416
2021-08-26T08:50:50Z,6,38,2,Fresh,10,Disturbance,NA,CO2,9.09178
2021-08-26T08:52:29Z,6,40,1,Fresh,10,45 µm,NA,CH4,-0.319038
2021-08-26T08:52:29Z,6,40,1,Fresh,10,45 µm,NA,CO2,10.0044
2021-08-26T08:53:55Z,6,40,2,Fresh,10,45 µm,NA,CH4,-0.28491
2021-08-26T08:53:55Z,6,40,2,Fresh,10,45 µm,NA,CO2,7.19587
2021-08-26T08:55:30Z,6,37,1,Fresh,10,Control,NA,CH4,-0.343344
2021-08-26T08:55:30Z,6,37,1,Fresh,10,Control,NA,CO2,10.6727
2021-08-26T08:56:55Z,6,37,2,Fresh,10,Control,NA,CH4,-0.368577
2021-08-26T08:56:55Z,6,37,2,Fresh,10,Control,NA,CO2,6.98312
2021-08-26T08:58:29Z,6,39,1,Fresh,10,1 µm,NA,CH4,-0.0995059
2021-08-26T08:58:29Z,6,39,1,Fresh,10,1 µm,NA,CO2,8.30879
2021-08-26T08:59:55Z,6,39,2,Fresh,10,1 µm,NA,CH4,-0.0733766
2021-08-26T08:59:55Z,6,39,2,Fresh,10,1 µm,NA,CO2,6.09159
2021-08-26T09:04:46Z,6,4,1,Control,1,45 µm,NA,CH4,-1.50298
2021-08-26T09:04:46Z,6,4,1,Control,1,45 µm,NA,CO2,27.3954
2021-08-26T09:06:11Z,6,4,2,Control,1,45 µm,NA,CH4,-1.1494
2021-08-26T09:06:11Z,6,4,2,Control,1,45 µm,NA,CO2,11.1525
2021-08-26T09:08:02Z,6,2,1,Control,1,Disturbance,NA,CH4,-3.33824
2021-08-26T09:08:02Z,6,2,1,Control,1,Disturbance,NA,CO2,33.5852
2021-08-26T09:09:27Z,6,2,2,Control,1,Disturbance,NA,CH4,-2.40572
2021-08-26T09:09:27Z,6,2,2,Control,1,Disturbance,NA,CO2,13.0317
2021-08-26T09:11:40Z,6,3,1,Control,1,1 µm,NA,CH4,-3.55717
2021-08-26T09:11:40Z,6,3,1,Control,1,1 µm,NA,CO2,22.8523
2021-08-26T09:13:05Z,6,3,2,Control,1,1 µm,NA,CH4,-1.48308
2021-08-26T09:13:05Z,6,3,2,Control,1,1 µm,NA,CO2,8.5551
2021-08-26T09:14:55Z,6,1,1,Control,1,Control,NA,CH4,-3.44158
2021-08-26T09:14:55Z,6,1,1,Control,1,Control,NA,CO2,23.7793
2021-08-26T09:18:23Z,6,5,1,Control,2,Control,NA,CH4,-3.52109
2021-08-26T09:18:23Z,6,5,1,Control,2,Control,NA,CO2,34.1755
2021-08-26T09:19:49Z,6,5,2,Control,2,Control,NA,CH4,-2.28184
2021-08-26T09:19:49Z,6,5,2,Control,2,Control,NA,CO2,18.0289
2021-08-26T09:21:37Z,6,8,1,Control,2,45 µm,NA,CH4,-2.3957
2021-08-26T09:21:37Z,6,8,1,Control,2,45 µm,NA,CO2,13.1607
2021-08-26T09:23:03Z,6,8,2,Control,2,45 µm,NA,CH4,-1.96922
2021-08-26T09:23:03Z,6,8,2,Control,2,45 µm,NA,CO2,10.0768
2021-08-26T09:25:06Z,6,7,1,Control,2,1 µm,NA,CH4,-2.72608
2021-08-26T09:25:06Z,6,7,1,Control,2,1 µm,NA,CO2,20.8831
2021-08-26T09:26:31Z,6,7,2,Control,2,1 µm,NA,CH4,-1.02252
2021-08-26T09:26:31Z,6,7,2,Control,2,1 µm,NA,CO2,10.1046
2021-08-26T09:28:10Z,6,6,1,Control,2,Disturbance,NA,CH4,-8.54188
2021-08-26T09:28:10Z,6,6,1,Control,2,Disturbance,NA,CO2,47.1838
2021-08-26T09:29:36Z,6,6,2,Control,2,Disturbance,NA,CH4,-2.10042
2021-08-26T09:29:36Z,6,6,2,Control,2,Disturbance,NA,CO2,18.191
2021-08-26T09:32:16Z,6,13,1,Control,4,Control,NA,CH4,-2.50209
2021-08-26T09:32:16Z,6,13,1,Control,4,Control,NA,CO2,24.4645
2021-08-26T09:33:42Z,6,13,2,Control,4,Control,NA,CH4,-1.77383
2021-08-26T09:33:42Z,6,13,2,Control,4,Control,NA,CO2,13.610900000000001
2021-08-26T09:35:38Z,6,14,1,Control,4,Disturbance,NA,CH4,-2.9408
2021-08-26T09:35:38Z,6,14,1,Control,4,Disturbance,NA,CO2,30.5961
2021-08-26T09:37:04Z,6,14,2,Control,4,Disturbance,NA,CH4,-1.58262
2021-08-26T09:37:04Z,6,14,2,Control,4,Disturbance,NA,CO2,11.8034
2021-08-26T09:38:54Z,6,15,1,Control,4,1 µm,NA,CH4,-9.05588
2021-08-26T09:38:54Z,6,15,1,Control,4,1 µm,NA,CO2,75.3216
2021-08-26T09:40:19Z,6,15,2,Control,4,1 µm,NA,CH4,-1.42471
2021-08-26T09:40:19Z,6,15,2,Control,4,1 µm,NA,CO2,16.3827
2021-08-26T09:42:42Z,6,16,1,Control,4,45 µm,NA,CH4,0.299852
2021-08-26T09:42:42Z,6,16,1,Control,4,45 µm,NA,CO2,8.84192
2021-08-26T09:44:08Z,6,16,2,Control,4,45 µm,NA,CH4,0.205045
2021-08-26T09:44:08Z,6,16,2,Control,4,45 µm,NA,CO2,9.29059
2021-08-26T09:46:12Z,6,10,1,Control,3,Disturbance,NA,CH4,-6.20138
2021-08-26T09:46:12Z,6,10,1,Control,3,Disturbance,NA,CO2,77.5182
2021-08-26T09:47:37Z,6,10,2,Control,3,Disturbance,NA,CH4,-0.41063
2021-08-26T09:47:37Z,6,10,2,Control,3,Disturbance,NA,CO2,8.07067
2021-08-26T09:49:11Z,6,12,1,Control,3,45 µm,NA,CH4,-0.103834
2021-08-26T09:49:11Z,6,12,1,Control,3,45 µm,NA,CO2,11.2899
2021-08-26T09:50:38Z,6,12,2,Control,3,45 µm,NA,CH4,-0.0609139
2021-08-26T09:50:38Z,6,12,2,Control,3,45 µm,NA,CO2,6.57614
2021-08-26T09:52:11Z,6,9,1,Control,3,Control,NA,CH4,-2.37037
2021-08-26T09:52:11Z,6,9,1,Control,3,Control,NA,CO2,37.9291
2021-08-26T09:53:37Z,6,9,2,Control,3,Control,NA,CH4,-1.41289
2021-08-26T09:53:37Z,6,9,2,Control,3,Control,NA,CO2,15.6199
2021-08-26T09:55:13Z,6,11,1,Control,3,1 µm,NA,CH4,-0.00448415
2021-08-26T09:55:13Z,6,11,1,Control,3,1 µm,NA,CO2,2.73381
2021-08-26T09:56:39Z,6,11,2,Control,3,1 µm,NA,CH4,-0.14229
2021-08-26T09:56:39Z,6,11,2,Control,3,1 µm,NA,CO2,2.58242
2021-08-27T08:34:37Z,7,48,1,Fresh,12,45 µm,NA,CH4,-0.991317
2021-08-27T08:34:37Z,7,48,1,Fresh,12,45 µm,NA,CO2,19.6052
2021-08-27T08:36:03Z,7,48,2,Fresh,12,45 µm,NA,CH4,-0.82048
2021-08-27T08:36:03Z,7,48,2,Fresh,12,45 µm,NA,CO2,9.42249
2021-08-27T08:38:08Z,7,47,1,Fresh,12,1 µm,NA,CH4,-0.810519
2021-08-27T08:38:08Z,7,47,1,Fresh,12,1 µm,NA,CO2,14.1894
2021-08-27T08:39:34Z,7,47,2,Fresh,12,1 µm,NA,CH4,-0.720631
2021-08-27T08:39:34Z,7,47,2,Fresh,12,1 µm,NA,CO2,8.45981
2021-08-27T08:41:32Z,7,46,1,Fresh,12,Disturbance,NA,CH4,-1.33766
2021-08-27T08:41:32Z,7,46,1,Fresh,12,Disturbance,NA,CO2,9.82606
2021-08-27T08:42:57Z,7,46,2,Fresh,12,Disturbance,NA,CH4,-1.29845
2021-08-27T08:42:57Z,7,46,2,Fresh,12,Disturbance,NA,CO2,9.63815
2021-08-27T08:45:22Z,7,45,1,Fresh,12,Control,NA,CH4,-0.529537
2021-08-27T08:45:22Z,7,45,1,Fresh,12,Control,NA,CO2,15.9874
2021-08-27T08:46:47Z,7,45,2,Fresh,12,Control,NA,CH4,-0.398381
2021-08-27T08:46:47Z,7,45,2,Fresh,12,Control,NA,CO2,6.61699
2021-08-27T08:50:09Z,7,44,1,Fresh,11,45 µm,NA,CH4,-0.487864
2021-08-27T08:50:09Z,7,44,1,Fresh,11,45 µm,NA,CO2,7.07072
2021-08-27T08:51:34Z,7,44,2,Fresh,11,45 µm,NA,CH4,-0.430543
2021-08-27T08:51:34Z,7,44,2,Fresh,11,45 µm,NA,CO2,5.45806
2021-08-27T08:53:47Z,7,43,1,Fresh,11,1 µm,NA,CH4,-0.472311
2021-08-27T08:53:47Z,7,43,1,Fresh,11,1 µm,NA,CO2,10.6854
2021-08-27T08:55:13Z,7,43,2,Fresh,11,1 µm,NA,CH4,-0.46117
2021-08-27T08:55:13Z,7,43,2,Fresh,11,1 µm,NA,CO2,6.1168
2021-08-27T08:57:56Z,7,42,1,Fresh,11,Disturbance,NA,CH4,-0.693345
2021-08-27T08:57:56Z,7,42,1,Fresh,11,Disturbance,NA,CO2,7.42771
2021-08-27T08:59:21Z,7,42,2,Fresh,11,Disturbance,NA,CH4,-0.714946
2021-08-27T08:59:21Z,7,42,2,Fresh,11,Disturbance,NA,CO2,6.37995
2021-08-27T09:01:36Z,7,41,1,Fresh,11,Control,NA,CH4,-0.800116
2021-08-27T09:01:36Z,7,41,1,Fresh,11,Control,NA,CO2,12.6523
2021-08-27T09:03:01Z,7,41,2,Fresh,11,Control,NA,CH4,-0.676682
2021-08-27T09:03:01Z,7,41,2,Fresh,11,Control,NA,CO2,9.07724
2021-08-27T09:05:30Z,7,40,1,Fresh,10,45 µm,NA,CH4,-0.680204
2021-08-27T09:05:30Z,7,40,1,Fresh,10,45 µm,NA,CO2,10.0103
2021-08-27T09:06:55Z,7,40,2,Fresh,10,45 µm,NA,CH4,-0.463175
2021-08-27T09:06:55Z,7,40,2,Fresh,10,45 µm,NA,CO2,7.22851
2021-08-27T09:09:06Z,7,38,1,Fresh,10,Disturbance,NA,CH4,-0.686044
2021-08-27T09:09:06Z,7,38,1,Fresh,10,Disturbance,NA,CO2,27.074
2021-08-27T09:10:32Z,7,38,2,Fresh,10,Disturbance,NA,CH4,-0.678264
2021-08-27T09:10:32Z,7,38,2,Fresh,10,Disturbance,NA,CO2,11.359
2021-08-27T09:13:07Z,7,39,1,Fresh,10,1 µm,NA,CH4,-0.396763
2021-08-27T09:13:07Z,7,39,1,Fresh,10,1 µm,NA,CO2,10.531
2021-08-27T09:14:32Z,7,39,2,Fresh,10,1 µm,NA,CH4,-0.416682
2021-08-27T09:14:32Z,7,39,2,Fresh,10,1 µm,NA,CO2,8.90257
2021-08-27T09:16:15Z,7,37,1,Fresh,10,Control,NA,CH4,-0.673472
2021-08-27T09:16:15Z,7,37,1,Fresh,10,Control,NA,CO2,12.4561
2021-08-27T09:17:40Z,7,37,2,Fresh,10,Control,NA,CH4,-0.464995
2021-08-27T09:17:40Z,7,37,2,Fresh,10,Control,NA,CO2,9.11198
2021-08-27T09:20:26Z,7,33,1,Fresh,9,Control,NA,CH4,-0.566246
2021-08-27T09:20:26Z,7,33,1,Fresh,9,Control,NA,CO2,11.5078
2021-08-27T09:21:51Z,7,33,2,Fresh,9,Control,NA,CH4,-0.540721
2021-08-27T09:21:51Z,7,33,2,Fresh,9,Control,NA,CO2,7.72888
2021-08-27T09:24:06Z,7,35,1,Fresh,9,1 µm,NA,CH4,0.074651
2021-08-27T09:24:06Z,7,35,1,Fresh,9,1 µm,NA,CO2,4.35089
2021-08-27T09:25:32Z,7,35,2,Fresh,9,1 µm,NA,CH4,0.068879
2021-08-27T09:25:32Z,7,35,2,Fresh,9,1 µm,NA,CO2,3.90141
2021-08-27T09:27:55Z,7,34,1,Fresh,9,Disturbance,NA,CH4,-0.682518
2021-08-27T09:27:55Z,7,34,1,Fresh,9,Disturbance,NA,CO2,22.4871
2021-08-27T09:29:21Z,7,34,2,Fresh,9,Disturbance,NA,CH4,-0.539899
2021-08-27T09:29:21Z,7,34,2,Fresh,9,Disturbance,NA,CO2,9.96858
2021-08-27T09:54:31Z,7,36,1,Fresh,9,45 µm,NA,CH4,0.331913
2021-08-27T09:54:31Z,7,36,1,Fresh,9,45 µm,NA,CO2,8.64098
2021-08-27T09:57:39Z,7,15,1,Control,4,1 µm,NA,CH4,-1.33578
2021-08-27T09:57:39Z,7,15,1,Control,4,1 µm,NA,CO2,19.5464
2021-08-27T09:59:05Z,7,15,2,Control,4,1 µm,NA,CH4,-1.11949
2021-08-27T09:59:05Z,7,15,2,Control,4,1 µm,NA,CO2,13.3183
2021-08-27T10:05:07Z,7,14,1,Control,4,Disturbance,NA,CH4,-2.15853
2021-08-27T10:05:07Z,7,14,1,Control,4,Disturbance,NA,CO2,22.7576
2021-08-27T10:06:33Z,7,14,2,Control,4,Disturbance,NA,CH4,-1.45031
2021-08-27T10:06:33Z,7,14,2,Control,4,Disturbance,NA,CO2,11.2131
2021-08-27T10:09:10Z,7,13,1,Control,4,Control,NA,CH4,-4.75137
2021-08-27T10:09:10Z,7,13,1,Control,4,Control,NA,CO2,28.0652
2021-08-27T10:10:36Z,7,13,2,Control,4,Control,NA,CH4,-1.85219
2021-08-27T10:10:36Z,7,13,2,Control,4,Control,NA,CO2,12.4183
2021-08-27T10:13:46Z,7,10,1,Control,3,Disturbance,NA,CH4,-4.41713
2021-08-27T10:13:46Z,7,10,1,Control,3,Disturbance,NA,CO2,75.6669
2021-08-27T10:15:12Z,7,10,2,Control,3,Disturbance,NA,CH4,-0.486189
2021-08-27T10:15:12Z,7,10,2,Control,3,Disturbance,NA,CO2,8.96132
2021-08-27T10:17:02Z,7,12,1,Control,3,45 µm,NA,CH4,-0.198606
2021-08-27T10:17:02Z,7,12,1,Control,3,45 µm,NA,CO2,11.0278
2021-08-27T10:18:28Z,7,12,2,Control,3,45 µm,NA,CH4,-0.132828
2021-08-27T10:18:28Z,7,12,2,Control,3,45 µm,NA,CO2,6.53281
2021-08-27T10:20:26Z,7,9,1,Control,3,Control,NA,CH4,-2.88311
2021-08-27T10:20:26Z,7,9,1,Control,3,Control,NA,CO2,41.1928
2021-08-27T10:21:52Z,7,9,2,Control,3,Control,NA,CH4,-1.73015
2021-08-27T10:21:52Z,7,9,2,Control,3,Control,NA,CO2,18.0509
2021-08-27T10:24:14Z,7,11,1,Control,3,1 µm,NA,CH4,-0.0705017
2021-08-27T10:24:14Z,7,11,1,Control,3,1 µm,NA,CO2,2.42909
2021-08-27T10:25:40Z,7,11,2,Control,3,1 µm,NA,CH4,-0.0707634
2021-08-27T10:25:40Z,7,11,2,Control,3,1 µm,NA,CO2,3.1843
2021-08-27T10:28:13Z,7,5,1,Control,2,Control,NA,CH4,-2.92834
2021-08-27T10:28:13Z,7,5,1,Control,2,Control,NA,CO2,28.1548
2021-08-27T10:29:38Z,7,5,2,Control,2,Control,NA,CH4,-2.07766
2021-08-27T10:29:38Z,7,5,2,Control,2,Control,NA,CO2,15.3764
2021-08-27T10:31:35Z,7,8,1,Control,2,45 µm,NA,CH4,-2.40064
2021-08-27T10:31:35Z,7,8,1,Control,2,45 µm,NA,CO2,16.2926
2021-08-27T10:35:22Z,7,7,1,Control,2,1 µm,NA,CH4,-1.20781
2021-08-27T10:35:22Z,7,7,1,Control,2,1 µm,NA,CO2,16.9648
2021-08-27T10:36:48Z,7,7,2,Control,2,1 µm,NA,CH4,-1.00079
2021-08-27T10:36:48Z,7,7,2,Control,2,1 µm,NA,CO2,9.07689
2021-08-27T10:38:49Z,7,6,1,Control,2,Disturbance,NA,CH4,-3.40951
2021-08-27T10:38:49Z,7,6,1,Control,2,Disturbance,NA,CO2,29.6688
2021-08-27T10:40:14Z,7,6,2,Control,2,Disturbance,NA,CH4,-2.14627
2021-08-27T10:40:14Z,7,6,2,Control,2,Disturbance,NA,CO2,13.8358
2021-08-27T10:42:56Z,7,4,1,Control,1,45 µm,NA,CH4,-5.11581
2021-08-27T10:42:56Z,7,4,1,Control,1,45 µm,NA,CO2,27.8884
2021-08-27T10:44:22Z,7,4,2,Control,1,45 µm,NA,CH4,-1.07724
2021-08-27T10:44:22Z,7,4,2,Control,1,45 µm,NA,CO2,12.24
2021-08-27T10:49:10Z,7,2,1,Control,1,Disturbance,NA,CH4,-3.05998
2021-08-27T10:49:10Z,7,2,1,Control,1,Disturbance,NA,CO2,22.5305
2021-08-27T10:50:35Z,7,2,2,Control,1,Disturbance,NA,CH4,-2.38062
2021-08-27T10:50:35Z,7,2,2,Control,1,Disturbance,NA,CO2,12.3088
2021-08-27T10:53:39Z,7,3,1,Control,1,1 µm,NA,CH4,-9.18852
2021-08-27T10:53:39Z,7,3,1,Control,1,1 µm,NA,CO2,45.2684
2021-08-27T11:02:03Z,7,3,1,Control,1,1 µm,NA,CH4,9.50808
2021-08-27T11:02:03Z,7,3,1,Control,1,1 µm,NA,CO2,62.8258
2021-08-27T11:03:16Z,7,1,2,Control,1,Control,NA,CH4,-160.114
2021-08-27T11:03:16Z,7,1,2,Control,1,Control,NA,CO2,10.5034
2021-08-30T11:12:13Z,8,4,1,Control,1,45 µm,NA,CH4,-1.49286
2021-08-30T11:12:13Z,8,4,1,Control,1,45 µm,NA,CO2,18.535
2021-08-30T11:13:39Z,8,4,2,Control,1,45 µm,NA,CH4,-1.184
2021-08-30T11:13:39Z,8,4,2,Control,1,45 µm,NA,CO2,9.90342
2021-08-30T11:15:34Z,8,2,1,Control,1,Disturbance,NA,CH4,-7.70559
2021-08-30T11:15:34Z,8,2,1,Control,1,Disturbance,NA,CO2,29.6605
2021-08-30T11:16:59Z,8,2,2,Control,1,Disturbance,NA,CH4,-2.63845
2021-08-30T11:16:59Z,8,2,2,Control,1,Disturbance,NA,CO2,12.2314
2021-08-30T11:19:19Z,8,3,1,Control,1,1 µm,NA,CH4,-1.72586
2021-08-30T11:19:19Z,8,3,1,Control,1,1 µm,NA,CO2,12.946
2021-08-30T11:20:44Z,8,3,2,Control,1,1 µm,NA,CH4,-1.57175
2021-08-30T11:20:44Z,8,3,2,Control,1,1 µm,NA,CO2,7.87377
2021-08-30T11:25:59Z,8,1,1,Control,1,Control,NA,CH4,-1.94231
2021-08-30T11:25:59Z,8,1,1,Control,1,Control,NA,CO2,18.4206
2021-08-30T11:27:24Z,8,1,2,Control,1,Control,NA,CH4,-1.63683
2021-08-30T11:27:24Z,8,1,2,Control,1,Control,NA,CO2,10.9199
2021-08-30T11:29:57Z,8,5,1,Control,2,Control,NA,CH4,-2.74704
2021-08-30T11:29:57Z,8,5,1,Control,2,Control,NA,CO2,16.6918
2021-08-30T11:31:23Z,8,5,2,Control,2,Control,NA,CH4,-2.42076
2021-08-30T11:31:23Z,8,5,2,Control,2,Control,NA,CO2,12.6792
2021-08-30T11:33:21Z,8,6,1,Control,2,Disturbance,NA,CH4,-6.91883
2021-08-30T11:33:21Z,8,6,1,Control,2,Disturbance,NA,CO2,35.9859
2021-08-30T11:34:47Z,8,6,2,Control,2,Disturbance,NA,CH4,-3.24586
2021-08-30T11:34:47Z,8,6,2,Control,2,Disturbance,NA,CO2,16.3506
2021-08-30T11:36:46Z,8,7,1,Control,2,1 µm,NA,CH4,-3.00269
2021-08-30T11:36:46Z,8,7,1,Control,2,1 µm,NA,CO2,14.2871
2021-08-30T11:38:12Z,8,7,2,Control,2,1 µm,NA,CH4,-1.12758
2021-08-30T11:38:12Z,8,7,2,Control,2,1 µm,NA,CO2,8.55219
2021-08-30T11:40:36Z,8,8,1,Control,2,45 µm,NA,CH4,-2.80129
2021-08-30T11:40:36Z,8,8,1,Control,2,45 µm,NA,CO2,17.8121
2021-08-30T11:42:02Z,8,8,2,Control,2,45 µm,NA,CH4,-2.2331
2021-08-30T11:42:02Z,8,8,2,Control,2,45 µm,NA,CO2,11.7436
2021-08-30T11:46:45Z,8,10,1,Control,3,Disturbance,NA,CH4,-2.29645
2021-08-30T11:46:45Z,8,10,1,Control,3,Disturbance,NA,CO2,39.0784
2021-08-30T11:50:05Z,8,12,1,Control,3,45 µm,NA,CH4,-0.151846
2021-08-30T11:50:05Z,8,12,1,Control,3,45 µm,NA,CO2,12.1548
2021-08-30T11:51:31Z,8,12,2,Control,3,45 µm,NA,CH4,-0.244934
2021-08-30T11:51:31Z,8,12,2,Control,3,45 µm,NA,CO2,6.51088
2021-08-30T11:53:26Z,8,9,1,Control,3,Control,NA,CH4,-2.48633
2021-08-30T11:53:26Z,8,9,1,Control,3,Control,NA,CO2,41.4467
2021-08-30T11:54:53Z,8,9,2,Control,3,Control,NA,CH4,-1.42752
2021-08-30T11:54:53Z,8,9,2,Control,3,Control,NA,CO2,13.4056
2021-08-30T11:56:59Z,8,11,1,Control,3,1 µm,NA,CH4,-0.118291
2021-08-30T11:56:59Z,8,11,1,Control,3,1 µm,NA,CO2,3.18043
2021-08-30T11:58:24Z,8,11,2,Control,3,1 µm,NA,CH4,-0.0581444
2021-08-30T11:58:24Z,8,11,2,Control,3,1 µm,NA,CO2,3.10099
2021-08-30T12:00:34Z,8,13,1,Control,4,Control,NA,CH4,-7.34456
2021-08-30T12:00:34Z,8,13,1,Control,4,Control,NA,CO2,26.7673
2021-08-30T12:01:59Z,8,13,2,Control,4,Control,NA,CH4,-1.83343
2021-08-30T12:01:59Z,8,13,2,Control,4,Control,NA,CO2,11.9381
2021-08-30T12:04:14Z,8,14,1,Control,4,Disturbance,NA,CH4,-2.30917
2021-08-30T12:04:14Z,8,14,1,Control,4,Disturbance,NA,CO2,17.1928
2021-08-30T12:09:49Z,8,15,1,Control,4,1 µm,NA,CH4,-8.32363
2021-08-30T12:09:49Z,8,15,1,Control,4,1 µm,NA,CO2,53.6799
2021-08-30T12:11:14Z,8,15,2,Control,4,1 µm,NA,CH4,-1.73862
2021-08-30T12:11:14Z,8,15,2,Control,4,1 µm,NA,CO2,14.5869
2021-08-30T12:13:18Z,8,16,1,Control,4,45 µm,NA,CH4,-0.377754
2021-08-30T12:13:18Z,8,16,1,Control,4,45 µm,NA,CO2,9.03484
2021-08-30T12:14:44Z,8,16,2,Control,4,45 µm,NA,CH4,-0.0509952
2021-08-30T12:14:44Z,8,16,2,Control,4,45 µm,NA,CO2,6.8263
2021-08-30T12:25:50Z,8,17,1,Salt,5,Control,NA,CH4,-2.74672
2021-08-30T12:25:50Z,8,17,1,Salt,5,Control,NA,CO2,21.8557
2021-08-30T12:27:15Z,8,17,2,Salt,5,Control,NA,CH4,-2.0585
2021-08-30T12:27:15Z,8,17,2,Salt,5,Control,NA,CO2,12.3091
2021-08-30T12:30:08Z,8,18,1,Salt,5,Disturbance,NA,CH4,-2.3814
2021-08-30T12:30:08Z,8,18,1,Salt,5,Disturbance,NA,CO2,19.8655
2021-08-30T12:31:34Z,8,18,2,Salt,5,Disturbance,NA,CH4,-2.15785
2021-08-30T12:31:34Z,8,18,2,Salt,5,Disturbance,NA,CO2,15.1161
2021-08-30T12:34:35Z,8,20,1,Salt,5,45 µm,NA,CH4,-1.09433
2021-08-30T12:34:35Z,8,20,1,Salt,5,45 µm,NA,CO2,18.3431
2021-08-30T12:36:01Z,8,20,2,Salt,5,45 µm,NA,CH4,-0.893193
2021-08-30T12:36:01Z,8,20,2,Salt,5,45 µm,NA,CO2,11.3439
2021-08-30T12:37:49Z,8,19,1,Salt,5,1 µm,NA,CH4,-0.524142
2021-08-30T12:37:49Z,8,19,1,Salt,5,1 µm,NA,CO2,8.23533
2021-08-30T12:46:43Z,8,24,1,Salt,6,45 µm,NA,CH4,-0.950121
2021-08-30T12:46:43Z,8,24,1,Salt,6,45 µm,NA,CO2,12.1611
2021-08-30T12:48:09Z,8,24,2,Salt,6,45 µm,NA,CH4,-1.05977
2021-08-30T12:48:09Z,8,24,2,Salt,6,45 µm,NA,CO2,9.03344
2021-08-30T12:50:21Z,8,21,1,Salt,6,Control,NA,CH4,-2.89641
2021-08-30T12:50:21Z,8,21,1,Salt,6,Control,NA,CO2,23.4505
2021-08-30T12:51:46Z,8,21,2,Salt,6,Control,NA,CH4,-1.56384
2021-08-30T12:51:46Z,8,21,2,Salt,6,Control,NA,CO2,11.1215
2021-08-30T12:53:48Z,8,23,1,Salt,6,1 µm,NA,CH4,-0.706474
2021-08-30T12:53:48Z,8,23,1,Salt,6,1 µm,NA,CO2,11.46
2021-08-30T12:55:14Z,8,23,2,Salt,6,1 µm,NA,CH4,-0.715498
2021-08-30T12:55:14Z,8,23,2,Salt,6,1 µm,NA,CO2,8.99634
2021-08-30T12:56:57Z,8,22,1,Salt,6,Disturbance,NA,CH4,-1.96025
2021-08-30T12:56:57Z,8,22,1,Salt,6,Disturbance,NA,CO2,17.4945
2021-08-30T13:01:49Z,8,25,1,Salt,7,Control,NA,CH4,-1.08966
2021-08-30T13:01:49Z,8,25,1,Salt,7,Control,NA,CO2,16.0862
2021-08-30T13:05:06Z,8,28,1,Salt,7,45 µm,NA,CH4,-0.249564
2021-08-30T13:05:06Z,8,28,1,Salt,7,45 µm,NA,CO2,9.21778
2021-08-30T13:06:31Z,8,28,2,Salt,7,45 µm,NA,CH4,-0.482808
2021-08-30T13:06:31Z,8,28,2,Salt,7,45 µm,NA,CO2,9.26314
2021-08-30T13:08:32Z,8,26,1,Salt,7,Disturbance,NA,CH4,-0.771621
2021-08-30T13:08:32Z,8,26,1,Salt,7,Disturbance,NA,CO2,33.9308
2021-08-30T13:09:57Z,8,26,2,Salt,7,Disturbance,NA,CH4,-0.733513
2021-08-30T13:09:57Z,8,26,2,Salt,7,Disturbance,NA,CO2,11.1074
2021-08-30T13:13:14Z,8,27,1,Salt,7,1 µm,NA,CH4,-0.138077
2021-08-30T13:13:14Z,8,27,1,Salt,7,1 µm,NA,CO2,8.70107
2021-08-30T13:14:39Z,8,27,2,Salt,7,1 µm,NA,CH4,-0.318793
2021-08-30T13:14:39Z,8,27,2,Salt,7,1 µm,NA,CO2,7.83741
2021-08-30T13:18:16Z,8,30,2,Salt,8,Disturbance,NA,CH4,-0.272197
2021-08-30T13:18:16Z,8,30,2,Salt,8,Disturbance,NA,CO2,7.99976
2021-08-30T13:20:10Z,8,31,1,Salt,8,1 µm,NA,CH4,-0.308222
2021-08-30T13:20:10Z,8,31,1,Salt,8,1 µm,NA,CO2,7.71378
2021-08-30T13:23:30Z,8,29,1,Salt,8,Control,NA,CH4,-3.88041
2021-08-30T13:23:30Z,8,29,1,Salt,8,Control,NA,CO2,21.0384
2021-08-30T13:24:56Z,8,29,2,Salt,8,Control,NA,CH4,-0.370439
2021-08-30T13:24:56Z,8,29,2,Salt,8,Control,NA,CO2,12.7536
2021-08-30T13:26:53Z,8,32,1,Salt,8,45 µm,NA,CH4,-2.80855
2021-08-30T13:26:53Z,8,32,1,Salt,8,45 µm,NA,CO2,10.7881
2021-08-31T14:42:09Z,9,36,1,Fresh,9,45 µm,NA,CH4,-1.07438
2021-08-31T14:42:09Z,9,36,1,Fresh,9,45 µm,NA,CO2,16.9106
2021-08-31T14:43:35Z,9,36,2,Fresh,9,45 µm,NA,CH4,-0.944858
2021-08-31T14:43:35Z,9,36,2,Fresh,9,45 µm,NA,CO2,14.3385
2021-08-31T14:45:28Z,9,34,1,Fresh,9,Disturbance,NA,CH4,-0.610184
2021-08-31T14:45:28Z,9,34,1,Fresh,9,Disturbance,NA,CO2,19.135
2021-08-31T14:46:54Z,9,34,2,Fresh,9,Disturbance,NA,CH4,-0.500546
2021-08-31T14:46:54Z,9,34,2,Fresh,9,Disturbance,NA,CO2,11.0164
2021-08-31T14:48:32Z,9,35,1,Fresh,9,1 µm,NA,CH4,-0.015468
2021-08-31T14:48:32Z,9,35,1,Fresh,9,1 µm,NA,CO2,4.66023
2021-08-31T14:49:57Z,9,35,2,Fresh,9,1 µm,NA,CH4,0.00116528
2021-08-31T14:49:57Z,9,35,2,Fresh,9,1 µm,NA,CO2,3.9166
2021-08-31T14:51:40Z,9,33,1,Fresh,9,Control,NA,CH4,-0.590006
2021-08-31T14:51:40Z,9,33,1,Fresh,9,Control,NA,CO2,21.0689
2021-08-31T14:53:05Z,9,33,2,Fresh,9,Control,NA,CH4,-0.706072
2021-08-31T14:53:05Z,9,33,2,Fresh,9,Control,NA,CO2,9.21739
2021-08-31T14:55:02Z,9,39,1,Fresh,10,1 µm,NA,CH4,-0.456373
2021-08-31T14:55:02Z,9,39,1,Fresh,10,1 µm,NA,CO2,9.21445
2021-08-31T14:58:21Z,9,37,1,Fresh,10,Control,NA,CH4,-1.0087
2021-08-31T14:58:21Z,9,37,1,Fresh,10,Control,NA,CO2,22.305
2021-08-31T14:59:47Z,9,37,2,Fresh,10,Control,NA,CH4,-0.545321
2021-08-31T14:59:47Z,9,37,2,Fresh,10,Control,NA,CO2,10.2648
2021-08-31T15:01:34Z,9,40,1,Fresh,10,45 µm,NA,CH4,-0.909872
2021-08-31T15:01:34Z,9,40,1,Fresh,10,45 µm,NA,CO2,19.2221
2021-08-31T15:02:59Z,9,40,2,Fresh,10,45 µm,NA,CH4,-0.618697
2021-08-31T15:02:59Z,9,40,2,Fresh,10,45 µm,NA,CO2,9.95126
2021-08-31T15:04:38Z,9,38,1,Fresh,10,Disturbance,NA,CH4,-0.901025
2021-08-31T15:04:38Z,9,38,1,Fresh,10,Disturbance,NA,CO2,23.8641
2021-08-31T15:06:04Z,9,38,2,Fresh,10,Disturbance,NA,CH4,-0.60862
2021-08-31T15:06:04Z,9,38,2,Fresh,10,Disturbance,NA,CO2,11.6448
2021-08-31T15:07:56Z,9,43,1,Fresh,11,1 µm,NA,CH4,-0.618427
2021-08-31T15:07:56Z,9,43,1,Fresh,11,1 µm,NA,CO2,11.2538
2021-08-31T15:09:21Z,9,43,2,Fresh,11,1 µm,NA,CH4,-0.51801
2021-08-31T15:09:21Z,9,43,2,Fresh,11,1 µm,NA,CO2,6.95235
2021-08-31T15:11:12Z,9,42,1,Fresh,11,Disturbance,NA,CH4,-0.767355
2021-08-31T15:11:12Z,9,42,1,Fresh,11,Disturbance,NA,CO2,7.2694
2021-08-31T15:13:29Z,9,41,1,Fresh,11,Control,NA,CH4,-0.806598
2021-08-31T15:13:29Z,9,41,1,Fresh,11,Control,NA,CO2,9.30432
2021-08-31T15:14:54Z,9,41,2,Fresh,11,Control,NA,CH4,-0.667553
2021-08-31T15:14:54Z,9,41,2,Fresh,11,Control,NA,CO2,8.31676
2021-08-31T15:17:20Z,9,45,1,Fresh,12,Control,NA,CH4,-1.62217
2021-08-31T15:17:20Z,9,45,1,Fresh,12,Control,NA,CO2,23.4699
2021-08-31T15:20:25Z,9,46,1,Fresh,12,Disturbance,NA,CH4,-1.83449
2021-08-31T15:20:25Z,9,46,1,Fresh,12,Disturbance,NA,CO2,27.245
2021-08-31T15:21:52Z,9,46,2,Fresh,12,Disturbance,NA,CH4,-1.3793
2021-08-31T15:21:52Z,9,46,2,Fresh,12,Disturbance,NA,CO2,11.5748
2021-08-31T15:23:28Z,9,48,1,Fresh,12,45 µm,NA,CH4,-0.774732
2021-08-31T15:23:28Z,9,48,1,Fresh,12,45 µm,NA,CO2,11.4315
2021-08-31T15:24:54Z,9,48,2,Fresh,12,45 µm,NA,CH4,-0.749737
2021-08-31T15:24:54Z,9,48,2,Fresh,12,45 µm,NA,CO2,8.68012
2021-08-31T15:31:04Z,9,47,1,Fresh,12,1 µm,NA,CH4,-0.846642
2021-08-31T15:31:04Z,9,47,1,Fresh,12,1 µm,NA,CO2,12.8689
2021-08-31T15:32:30Z,9,47,2,Fresh,12,1 µm,NA,CH4,-0.712915
2021-08-31T15:32:30Z,9,47,2,Fresh,12,1 µm,NA,CO2,7.67893
2021-08-31T15:34:42Z,9,44,1,Fresh,11,45 µm,NA,CH4,-0.512719
2021-08-31T15:34:42Z,9,44,1,Fresh,11,45 µm,NA,CO2,10.1055
2021-08-31T15:36:08Z,9,44,2,Fresh,11,45 µm,NA,CH4,-0.472197
2021-08-31T15:36:08Z,9,44,2,Fresh,11,45 µm,NA,CO2,7.14407
2021-08-31T15:38:36Z,9,29,1,Salt,8,Control,NA,CH4,-1.85306
2021-08-31T15:38:36Z,9,29,1,Salt,8,Control,NA,CO2,19.1431
2021-08-31T15:40:02Z,9,29,2,Salt,8,Control,NA,CH4,-2.60235
2021-08-31T15:40:02Z,9,29,2,Salt,8,Control,NA,CO2,13.3316
2021-08-31T15:43:12Z,9,30,2,Salt,8,Disturbance,NA,CH4,-0.648174
2021-08-31T15:43:12Z,9,30,2,Salt,8,Disturbance,NA,CO2,8.00929
2021-08-31T15:44:49Z,9,31,1,Salt,8,1 µm,NA,CH4,-0.259981
2021-08-31T15:44:49Z,9,31,1,Salt,8,1 µm,NA,CO2,6.48112
2021-08-31T15:46:15Z,9,31,2,Salt,8,1 µm,NA,CH4,-0.28267
2021-08-31T15:46:15Z,9,31,2,Salt,8,1 µm,NA,CO2,4.51637
2021-08-31T15:47:49Z,9,32,1,Salt,8,45 µm,NA,CH4,-0.453852
2021-08-31T15:47:49Z,9,32,1,Salt,8,45 µm,NA,CO2,10.6791
2021-08-31T15:49:14Z,9,32,2,Salt,8,45 µm,NA,CH4,-0.441625
2021-08-31T15:49:14Z,9,32,2,Salt,8,45 µm,NA,CO2,6.93863
2021-08-31T15:51:05Z,9,25,1,Salt,7,Control,NA,CH4,-1.02162
2021-08-31T15:51:05Z,9,25,1,Salt,7,Control,NA,CO2,37.7863
2021-08-31T15:52:31Z,9,25,2,Salt,7,Control,NA,CH4,-0.789011
2021-08-31T15:52:31Z,9,25,2,Salt,7,Control,NA,CO2,12.0415
2021-08-31T15:54:13Z,9,28,1,Salt,7,45 µm,NA,CH4,-0.50466
2021-08-31T15:54:13Z,9,28,1,Salt,7,45 µm,NA,CO2,11.0027
2021-08-31T15:55:39Z,9,28,2,Salt,7,45 µm,NA,CH4,-1.38679
2021-08-31T15:55:39Z,9,28,2,Salt,7,45 µm,NA,CO2,10.0073
2021-08-31T16:00:23Z,9,26,1,Salt,7,Disturbance,NA,CH4,-0.523845
2021-08-31T16:00:23Z,9,26,1,Salt,7,Disturbance,NA,CO2,13.4649
2021-08-31T16:01:49Z,9,26,2,Salt,7,Disturbance,NA,CH4,-0.665856
2021-08-31T16:01:49Z,9,26,2,Salt,7,Disturbance,NA,CO2,10.4999
2021-08-31T16:03:55Z,9,27,1,Salt,7,1 µm,NA,CH4,-0.0780686
2021-08-31T16:03:55Z,9,27,1,Salt,7,1 µm,NA,CO2,12.6101
2021-08-31T16:05:21Z,9,27,2,Salt,7,1 µm,NA,CH4,-0.0979329
2021-08-31T16:05:21Z,9,27,2,Salt,7,1 µm,NA,CO2,8.06797
2021-08-31T16:07:16Z,9,23,1,Salt,6,1 µm,NA,CH4,-0.67657
2021-08-31T16:07:16Z,9,23,1,Salt,6,1 µm,NA,CO2,14.8956
2021-08-31T16:08:42Z,9,23,2,Salt,6,1 µm,NA,CH4,-0.662346
2021-08-31T16:08:42Z,9,23,2,Salt,6,1 µm,NA,CO2,11.1739
2021-08-31T16:10:16Z,9,22,1,Salt,6,Disturbance,NA,CH4,-1.30671
2021-08-31T16:10:16Z,9,22,1,Salt,6,Disturbance,NA,CO2,18.0372
2021-08-31T16:11:42Z,9,22,2,Salt,6,Disturbance,NA,CH4,-1.17897
2021-08-31T16:11:42Z,9,22,2,Salt,6,Disturbance,NA,CO2,14.4005
2021-08-31T16:13:29Z,9,24,1,Salt,6,45 µm,NA,CH4,-1.08775
2021-08-31T16:13:29Z,9,24,1,Salt,6,45 µm,NA,CO2,17.7805
2021-08-31T16:14:55Z,9,24,2,Salt,6,45 µm,NA,CH4,-0.800369
2021-08-31T16:14:55Z,9,24,2,Salt,6,45 µm,NA,CO2,9.79912
2021-08-31T16:16:31Z,9,21,1,Salt,6,Control,NA,CH4,-2.42864
2021-08-31T16:16:31Z,9,21,1,Salt,6,Control,NA,CO2,24.2583
2021-08-31T16:17:57Z,9,21,2,Salt,6,Control,NA,CH4,-1.72357
2021-08-31T16:17:57Z,9,21,2,Salt,6,Control,NA,CO2,11.8301
2021-08-31T16:19:56Z,9,19,1,Salt,5,1 µm,NA,CH4,-0.688791
2021-08-31T16:19:56Z,9,19,1,Salt,5,1 µm,NA,CO2,10.8678
2021-08-31T16:21:22Z,9,19,2,Salt,5,1 µm,NA,CH4,-0.681961
2021-08-31T16:21:22Z,9,19,2,Salt,5,1 µm,NA,CO2,8.18676
2021-08-31T16:22:58Z,9,20,1,Salt,5,45 µm,NA,CH4,-0.858876
2021-08-31T16:22:58Z,9,20,1,Salt,5,45 µm,NA,CO2,20.7306
2021-08-31T16:24:25Z,9,20,2,Salt,5,45 µm,NA,CH4,-0.435695
2021-08-31T16:24:25Z,9,20,2,Salt,5,45 µm,NA,CO2,11.386
2021-08-31T16:26:09Z,9,18,1,Salt,5,Disturbance,NA,CH4,-2.83846
2021-08-31T16:26:09Z,9,18,1,Salt,5,Disturbance,NA,CO2,31.0287
2021-08-31T16:27:34Z,9,18,2,Salt,5,Disturbance,NA,CH4,-1.95377
2021-08-31T16:27:34Z,9,18,2,Salt,5,Disturbance,NA,CO2,17.6622
2021-08-31T16:29:17Z,9,17,1,Salt,5,Control,NA,CH4,-2.05922
2021-08-31T16:29:17Z,9,17,1,Salt,5,Control,NA,CO2,31.264
2021-08-31T16:30:43Z,9,17,2,Salt,5,Control,NA,CH4,-1.55923
2021-08-31T16:30:43Z,9,17,2,Salt,5,Control,NA,CO2,15.253
2021-08-31T16:34:12Z,9,16,1,Control,4,45 µm,NA,CH4,-0.0977093
2021-08-31T16:34:12Z,9,16,1,Control,4,45 µm,NA,CO2,11.3283
2021-08-31T16:35:37Z,9,16,2,Control,4,45 µm,NA,CH4,-0.0846093
2021-08-31T16:35:37Z,9,16,2,Control,4,45 µm,NA,CO2,6.28882
2021-08-31T16:37:17Z,9,15,1,Control,4,1 µm,NA,CH4,-7.18607
2021-08-31T16:37:17Z,9,15,1,Control,4,1 µm,NA,CO2,55.3109
2021-08-31T16:38:43Z,9,15,2,Control,4,1 µm,NA,CH4,-1.46631
2021-08-31T16:38:43Z,9,15,2,Control,4,1 µm,NA,CO2,17.4406
2021-08-31T16:40:30Z,9,14,1,Control,4,Disturbance,NA,CH4,-2.80233
2021-08-31T16:40:30Z,9,14,1,Control,4,Disturbance,NA,CO2,39.3211
2021-08-31T16:41:55Z,9,14,2,Control,4,Disturbance,NA,CH4,-1.75263
2021-08-31T16:41:55Z,9,14,2,Control,4,Disturbance,NA,CO2,17.1159
2021-08-31T16:43:40Z,9,13,1,Control,4,Control,NA,CH4,-2.60538
2021-08-31T16:43:40Z,9,13,1,Control,4,Control,NA,CO2,23.5321
2021-08-31T16:45:05Z,9,13,2,Control,4,Control,NA,CH4,-1.77765
2021-08-31T16:45:05Z,9,13,2,Control,4,Control,NA,CO2,12.7302
2021-08-31T16:47:23Z,9,2,1,Control,1,Disturbance,NA,CH4,-3.46244
2021-08-31T16:47:23Z,9,2,1,Control,1,Disturbance,NA,CO2,37.9367
2021-08-31T16:48:49Z,9,2,2,Control,1,Disturbance,NA,CH4,-2.62144
2021-08-31T16:48:49Z,9,2,2,Control,1,Disturbance,NA,CO2,16.4691
2021-08-31T16:50:28Z,9,3,1,Control,1,1 µm,NA,CH4,-1.64902
2021-08-31T16:50:28Z,9,3,1,Control,1,1 µm,NA,CO2,13.4969
2021-08-31T16:51:54Z,9,3,2,Control,1,1 µm,NA,CH4,-1.57096
2021-08-31T16:51:54Z,9,3,2,Control,1,1 µm,NA,CO2,9.07508
2021-08-31T16:53:40Z,9,4,1,Control,1,45 µm,NA,CH4,-1.40815
2021-08-31T16:53:40Z,9,4,1,Control,1,45 µm,NA,CO2,21.5942
2021-08-31T16:55:05Z,9,4,2,Control,1,45 µm,NA,CH4,-1.02935
2021-08-31T16:55:05Z,9,4,2,Control,1,45 µm,NA,CO2,9.02241
2021-08-31T16:57:02Z,9,1,1,Control,1,Control,NA,CH4,-7.48963
2021-08-31T16:57:02Z,9,1,1,Control,1,Control,NA,CO2,43.7116
2021-08-31T17:00:28Z,9,7,1,Control,2,1 µm,NA,CH4,-3.62443
2021-08-31T17:00:28Z,9,7,1,Control,2,1 µm,NA,CO2,33.0265
2021-08-31T17:01:54Z,9,7,2,Control,2,1 µm,NA,CH4,-0.973911
2021-08-31T17:01:54Z,9,7,2,Control,2,1 µm,NA,CO2,8.85534
2021-08-31T17:03:30Z,9,6,1,Control,2,Disturbance,NA,CH4,-9.5338
2021-08-31T17:03:30Z,9,6,1,Control,2,Disturbance,NA,CO2,39.2453
2021-08-31T17:04:56Z,9,6,2,Control,2,Disturbance,NA,CH4,-2.66538
2021-08-31T17:04:56Z,9,6,2,Control,2,Disturbance,NA,CO2,18.4275
2021-08-31T17:06:36Z,9,8,1,Control,2,45 µm,NA,CH4,-4.27643
2021-08-31T17:06:36Z,9,8,1,Control,2,45 µm,NA,CO2,25.5502
2021-08-31T17:08:01Z,9,8,2,Control,2,45 µm,NA,CH4,-3.51673
2021-08-31T17:08:01Z,9,8,2,Control,2,45 µm,NA,CO2,19.6976
2021-08-31T17:09:37Z,9,5,1,Control,2,Control,NA,CH4,-5.31985
2021-08-31T17:09:37Z,9,5,1,Control,2,Control,NA,CO2,22.9195
2021-08-31T17:11:03Z,9,5,2,Control,2,Control,NA,CH4,-2.67936
2021-08-31T17:11:03Z,9,5,2,Control,2,Control,NA,CO2,15.5866
2021-08-31T17:12:57Z,9,9,1,Control,3,Control,NA,CH4,-4.94938
2021-08-31T17:12:57Z,9,9,1,Control,3,Control,NA,CO2,46.1526
2021-08-31T17:14:23Z,9,9,2,Control,3,Control,NA,CH4,-1.44081
2021-08-31T17:14:23Z,9,9,2,Control,3,Control,NA,CO2,15.2461
2021-08-31T17:15:59Z,9,11,1,Control,3,1 µm,NA,CH4,-0.188053
2021-08-31T17:15:59Z,9,11,1,Control,3,1 µm,NA,CO2,3.69299
2021-08-31T17:17:25Z,9,11,2,Control,3,1 µm,NA,CH4,-0.0631387
2021-08-31T17:17:25Z,9,11,2,Control,3,1 µm,NA,CO2,2.88614
2021-08-31T17:19:02Z,9,12,1,Control,3,45 µm,NA,CH4,-0.111464
2021-08-31T17:19:02Z,9,12,1,Control,3,45 µm,NA,CO2,13.0941
2021-08-31T17:20:28Z,9,12,2,Control,3,45 µm,NA,CH4,-0.103237
2021-08-31T17:20:28Z,9,12,2,Control,3,45 µm,NA,CO2,7.88899
2021-08-31T17:22:04Z,9,10,1,Control,3,Disturbance,NA,CH4,-2.06097
2021-08-31T17:22:04Z,9,10,1,Control,3,Disturbance,NA,CO2,37.2378
